max_bins,interactions,greedy_ratio,smoothing_rounds,min_samples_leaf,max_leaves,outer_bags,learning_rate,random_state,threshold,train_precision,train_recall,train_fbeta,train_auc,test_precision,test_recall,test_fbeta,test_auc,train_time_sec
256,0,0.0,0,2,3,8,0.01,42,0.3,0.863585078626331,0.991739887435721,0.8924150369365021,0.8923925546255816,0.8024502297090352,0.9914853358561968,0.8426130653266332,0.8841250012393048,25.644870281219482
256,0,0.0,0,2,3,8,0.01,42,0.4,0.8774072334429309,0.9832773211321213,0.9016783009059856,0.8923925546255816,0.8210229773747689,0.9803426889519605,0.8557926129846295,0.8841250012393048,25.644870281219482
256,0,0.0,0,2,3,8,0.01,42,0.5,0.8919655185281935,0.9678098554480301,0.9097898903775884,0.8923925546255816,0.8431264367816091,0.9638389572164406,0.8703782808866106,0.8841250012393048,25.644870281219482
256,0,0.0,0,2,3,8,0.01,42,0.6,0.9092645281989321,0.9446086569218933,0.9178502577015384,0.8923925546255816,0.8680921694981449,0.9346157889204246,0.8838191803971271,0.8841250012393048,25.644870281219482
256,0,0.0,0,2,3,8,0.01,42,0.7,0.9288232610228545,0.9067093169210836,0.9231942612137203,0.8923925546255816,0.8923125460090441,0.8919373488909913,0.8922187171398527,0.8841250012393048,25.644870281219482
256,0,0.0,0,2,3,8,0.01,42,0.8,0.9508030275059997,0.834190387496457,0.9186965585667941,0.8923925546255816,0.9180289031035299,0.8146746557342583,0.8898073997531502,0.8841250012393048,25.644870281219482
256,0,0.0,0,2,4,8,0.01,42,0.3,0.8640595246491289,0.992144794914362,0.8928769893687769,0.8933944187274836,0.802468085106383,0.9911699779249448,0.8425708732658669,0.8831461966671335,23.128401517868042
256,0,0.0,0,2,4,8,0.01,42,0.4,0.8770719728431621,0.9833987933757137,0.9014382481209985,0.8933944187274836,0.820267182281596,0.9810785241248817,0.8553165165990789,0.8831461966671335,23.128401517868042
256,0,0.0,0,2,4,8,0.01,42,0.5,0.8919634532910684,0.968457707413856,0.9099313309619372,0.8933944187274836,0.8415250344510795,0.9628928834226848,0.8689053310567254,0.8831461966671335,23.128401517868042
256,0,0.0,0,2,4,8,0.01,42,0.6,0.9092289128488575,0.9458233793578167,0.918109462513511,0.8933944187274836,0.8660827250608273,0.9354567434037633,0.8824433536615597,0.8831461966671335,23.128401517868042
256,0,0.0,0,2,4,8,0.01,42,0.7,0.9286454662299432,0.9069117706604041,0.9231149669256291,0.8933944187274836,0.8913020669394607,0.8929885419951645,0.8917230882275756,0.8831461966671335,23.128401517868042
256,0,0.0,0,2,4,8,0.01,42,0.8,0.9506987040538671,0.8346762764708264,0.9187707530140619,0.8933944187274836,0.9174659561870929,0.8144644171134238,0.889348025711662,0.8831461966671335,23.128401517868042
256,0,0.0,0,2,5,8,0.01,42,0.3,0.8641235368777324,0.9924282301494108,0.8929856360837608,0.8951901670006227,0.8020079979579682,0.9908546199936928,0.8421334762798177,0.8824226724690424,22.701319217681885
256,0,0.0,0,2,5,8,0.01,42,0.4,0.877165752237944,0.9839656638458112,0.9016315891994175,0.8951901670006227,0.8196274819891056,0.9806580468832125,0.8547149499530452,0.8824226724690424,22.701319217681885
256,0,0.0,0,2,5,8,0.01,42,0.5,0.8921276278514985,0.9691055593796818,0.9102024129833336,0.8951901670006227,0.8409696079331558,0.9627877641122674,0.8684397667472621,0.8824226724690424,22.701319217681885
256,0,0.0,0,2,5,8,0.01,42,0.6,0.9095256609642302,0.9472000647851966,0.9186604749796283,0.8951901670006227,0.8655903520715814,0.9355618627141806,0.8820833023613073,0.8824226724690424,22.701319217681885
256,0,0.0,0,2,5,8,0.01,42,0.7,0.9288142620232173,0.9071142243997247,0.9232924982226939,0.8951901670006227,0.8897159031345004,0.8921475875118259,0.8903225806451613,0.8824226724690424,22.701319217681885
256,0,0.0,0,2,5,8,0.01,42,0.8,0.9507509444393255,0.835607563671701,0.9190892389912598,0.8951901670006227,0.9174550614947966,0.815515610217597,0.8896533929646513,0.8824226724690424,22.701319217681885
256,0,10.0,0,2,3,8,0.01,42,0.3,0.8633382695155489,0.9914564522006721,0.8921599883406357,0.8891736481350492,0.8007132546488919,0.9912750972353621,0.8411381678708411,0.8857891495729602,24.198797464370728
256,0,10.0,0,2,3,8,0.01,42,0.4,0.8763631111432079,0.9827104506620238,0.900732053554032,0.8891736481350492,0.8211053510236359,0.9823399558498896,0.8562396921385377,0.8857891495729602,24.198797464370728
256,0,10.0,0,2,3,8,0.01,42,0.5,0.8912313432835821,0.9671215127343402,0.9090649590378412,0.8891736481350492,0.8434654649130875,0.9640491958372753,0.8706921105098263,0.8857891495729602,24.198797464370728
256,0,10.0,0,2,3,8,0.01,42,0.6,0.9083365796649786,0.944122767947524,0.917026360034216,0.8891736481350492,0.8681415066757626,0.9364028171975192,0.8842565018860432,0.8857891495729602,24.198797464370728
256,0,10.0,0,2,3,8,0.01,42,0.7,0.9267402306479715,0.9045633072842856,0.9210946760810184,0.8891736481350492,0.8925984251968504,0.8937243771680857,0.8928796471329553,0.8857891495729602,24.198797464370728
256,0,10.0,0,2,3,8,0.01,42,0.8,0.9494809688581315,0.8332995910434465,0.9175007244599988,0.8891736481350492,0.9188902007083826,0.8181435929780301,0.8914468974601265,0.8857891495729602,24.198797464370728
256,0,10.0,0,2,4,8,0.01,42,0.3,0.8638062332534199,0.9920638134186338,0.8926577343814045,0.8919163664762487,0.8025878947816464,0.9910648586145275,0.8426509362291639,0.8849482279188878,22.653385639190674
256,0,10.0,0,2,4,8,0.01,42,0.4,0.8769642018567352,0.9829938858970725,0.9012677964843243,0.8919163664762487,0.8210859808149257,0.9807631661936298,0.855924040181643,0.8849482279188878,22.653385639190674
256,0,10.0,0,2,4,8,0.01,42,0.5,0.8918193009288619,0.9680123091873507,0.9097205045758102,0.8919163664762487,0.843963133640553,0.9625775254914328,0.8707890545134678,0.8849482279188878,22.653385639190674
256,0,10.0,0,2,4,8,0.01,42,0.6,0.9090625851929742,0.9451350366441268,0.9178200692041523,0.8919163664762487,0.8685775567904845,0.9365079365079365,0.8846192036540561,0.8849482279188878,22.653385639190674
256,0,10.0,0,2,4,8,0.01,42,0.7,0.9277982830838137,0.9058590112159371,0.9222144358794674,0.8919163664762487,0.8915827036104114,0.8929885419951645,0.8919337480641519,0.8849482279188878,22.653385639190674
256,0,10.0,0,2,4,8,0.01,42,0.8,0.9501818684101478,0.835607563671701,0.9186903198522047,0.8919163664762487,0.9186252509743711,0.8176179964259435,0.891103855187031,0.8849482279188878,22.653385639190674
256,0,10.0,0,2,5,8,0.01,42,0.3,0.8648543689320388,0.9919018504271774,0.8934641476402364,0.8948966310714099,0.8033066303050963,0.9908546199936928,0.8432069775243207,0.8840983438751391,22.548344373703003
256,0,10.0,0,2,5,8,0.01,42,0.4,0.8778010698279601,0.9833987933757137,0.9020157658703263,0.8948966310714099,0.8216016210025548,0.9803426889519605,0.8562640591286783,0.8840983438751391,22.548344373703003
256,0,10.0,0,2,5,8,0.01,42,0.5,0.8928904646389252,0.9687411426489048,0.9107173445499707,0.8948966310714099,0.8446619874399705,0.9614212130768423,0.8711098411791318,0.8840983438751391,22.548344373703003
256,0,10.0,0,2,5,8,0.01,42,0.6,0.9099263990030765,0.9461068145928655,0.9187095759529754,0.8948966310714099,0.8678968951376684,0.93440555029959,0.883620368299411,0.8840983438751391,22.548344373703003
256,0,10.0,0,2,5,8,0.01,42,0.7,0.9294967613353263,0.9064258816860348,0.9236196350658594,0.8948966310714099,0.8915624671640223,0.8919373488909913,0.8916561580496005,0.8840983438751391,22.548344373703003
256,0,10.0,0,2,5,8,0.01,42,0.8,0.9508951171245801,0.8366198323683038,0.9194962395977037,0.8948966310714099,0.9182107872064204,0.817828235046778,0.890873697469369,0.8840983438751391,22.548344373703003
256,20,0.0,0,2,3,8,0.01,42,0.3,0.867696012465472,0.992104304166498,0.8957783038268547,0.9027047955528731,0.8133967156439067,0.989277830337433,0.8512312597517129,0.8888427965991244,118.52812910079956
256,20,0.0,0,2,3,8,0.01,42,0.4,0.8822567159838598,0.9827104506620238,0.905394314705663,0.9027047955528731,0.8317823908375089,0.9771891096394407,0.8639204479449827,0.8888427965991244,118.52812910079956
256,20,0.0,0,2,3,8,0.01,42,0.5,0.8982236076163292,0.9684172166659918,0.9148004360381725,0.9027047955528731,0.8532461466604391,0.9601597813518343,0.8776784856346689,0.8888427965991244,118.52812910079956
256,20,0.0,0,2,3,8,0.01,42,0.6,0.9161094942185165,0.9431509899987853,0.9227234463976233,0.9027047955528731,0.8752588502120107,0.9330389992641648,0.8890224358974359,0.8888427965991244,118.52812910079956
256,20,0.0,0,2,3,8,0.01,42,0.7,0.9361773738903614,0.9010001214722436,0.9271280363318195,0.9027047955528731,0.8984533333333333,0.8854199516451172,0.895159147669908,0.8888427965991244,118.52812910079956
256,20,0.0,0,2,3,8,0.01,42,0.8,0.9549860205032619,0.8298173867271329,0.920282452260404,0.9027047955528731,0.9226268656716418,0.81225691159466,0.8923147987759108,0.8888427965991244,118.52812910079956
256,20,0.0,0,2,4,8,0.01,42,0.3,0.8684173222765611,0.9922257764100902,0.8963795484266263,0.9045690653997235,0.813159259899706,0.988647114474929,0.8509194544344167,0.8883857475548925,115.54814767837524
256,20,0.0,0,2,4,8,0.01,42,0.4,0.8829535956975181,0.9838441916022189,0.9061853170977308,0.9045690653997235,0.8308889286353067,0.9766635130873541,0.8630948233818714,0.8883857475548925,115.54814767837524
256,20,0.0,0,2,4,8,0.01,42,0.5,0.8988245014459008,0.9690650686318176,0.9154124194381228,0.9045690653997235,0.8522875816993464,0.9595290654893304,0.8767860144562111,0.8883857475548925,115.54814767837524
256,20,0.0,0,2,4,8,0.01,42,0.6,0.9167323144792815,0.9423816657893671,0.9230128592815857,0.9045690653997235,0.8747166091670774,0.9328287606433302,0.8885551216581556,0.8883857475548925,115.54814767837524
256,20,0.0,0,2,4,8,0.01,42,0.7,0.9366641433257633,0.9018099364295259,0.9277004300694568,0.9045690653997235,0.8964050202084662,0.8859455481972038,0.8937670669954133,0.8883857475548925,115.54814767837524
256,20,0.0,0,2,4,8,0.01,42,0.8,0.9552697791445345,0.8301413127100458,0.9205796841148143,0.9045690653997235,0.9217018233821952,0.8129927467675812,0.8918872167445079,0.8883857475548925,115.54814767837524
256,20,0.0,0,2,5,8,0.01,42,0.3,0.8686682499734146,0.9922662671579544,0.8965883106192263,0.9061388236366896,0.8136780217879993,0.989277830337433,0.8514623057610097,0.8880031552864344,114.42312574386597
256,20,0.0,0,2,5,8,0.01,42,0.4,0.883392097706372,0.9840466453415394,0.9065746526158726,0.9061388236366896,0.8307114765820522,0.9769788710186061,0.8630127446200989,0.8880031552864344,114.42312574386597
256,20,0.0,0,2,5,8,0.01,42,0.5,0.8995679128311103,0.9694294853625947,0.9160720093359608,0.9061388236366896,0.8516339869281045,0.9587932303164092,0.8761136325432844,0.8880031552864344,114.42312574386597
256,20,0.0,0,2,5,8,0.01,42,0.6,0.917739712541839,0.9436773697210188,0.9240895303423803,0.9061388236366896,0.8746551044540796,0.9330389992641648,0.8885551968365993,0.8880031552864344,114.42312574386597
256,20,0.0,0,2,5,8,0.01,42,0.7,0.9374395220665572,0.902214843908167,0.9283779842506562,0.9061388236366896,0.8959285638354417,0.8859455481972038,0.8934117771770815,0.8880031552864344,114.42312574386597
256,20,0.0,0,2,5,8,0.01,42,0.8,0.955962533202852,0.8306272016844151,0.9212115768911243,0.9061388236366896,0.9213282551773387,0.8137285819405025,0.8918459633053947,0.8880031552864344,114.42312574386597
256,20,10.0,0,2,3,8,0.01,42,0.3,0.867575221238938,0.9923877394015468,0.895739490346926,0.9025549805855141,0.8121818652402726,0.9895931882686849,0.8502912884433004,0.8893171138373848,129.0299515724182
256,20,10.0,0,2,3,8,0.01,42,0.4,0.8821306591090764,0.9830343766449366,0.9053634524486543,0.9025549805855141,0.8323642544055819,0.9781351834331967,0.8645760743321719,0.8893171138373848,129.0299515724182
256,20,10.0,0,2,3,8,0.01,42,0.5,0.8981923409372768,0.9677288739523019,0.9146224790478742,0.9025549805855141,0.852608979744236,0.9601597813518343,0.8771727648132142,0.8893171138373848,129.0299515724182
256,20,10.0,0,2,3,8,0.01,42,0.6,0.9157658897055934,0.9433534437381058,0.92251039398139,0.9025549805855141,0.8758382642998027,0.9335645958162514,0.8895900633561215,0.8893171138373848,129.0299515724182
256,20,10.0,0,2,3,8,0.01,42,0.7,0.9358403361344538,0.90185042717739,0.9271049044194928,0.9025549805855141,0.8976076555023923,0.8874172185430463,0.8950381679389313,0.8893171138373848,129.0299515724182
256,20,10.0,0,2,3,8,0.01,42,0.8,0.955254458257671,0.8307081831801434,0.9207432007898751,0.9025549805855141,0.9206123175507298,0.815515610217597,0.8918779099844801,0.8893171138373848,129.0299515724182
256,20,10.0,0,2,4,8,0.01,42,0.3,0.8680762147612976,0.992468720897275,0.8961564827932911,0.9046204245904766,0.8136237897648686,0.9893829496478503,0.8514372300246511,0.8890146906370211,127.37033438682556
256,20,10.0,0,2,4,8,0.01,42,0.4,0.8830649558358474,0.9836822286107625,0.9062389256737854,0.9046204245904766,0.8319914117015567,0.9776095868811101,0.8641717192835737,0.8890146906370211,127.37033438682556
256,20,10.0,0,2,4,8,0.01,42,0.5,0.899015703659178,0.9689435963882252,0.9155340455854082,0.9046204245904766,0.8521527972354535,0.9591085882476611,0.8765912475380697,0.8890146906370211,127.37033438682556
256,20,10.0,0,2,4,8,0.01,42,0.6,0.9171192443919717,0.9435963882252906,0.9235982442755657,0.9046204245904766,0.8753697495563005,0.9332492378849995,0.889155962843336,0.8890146906370211,127.37033438682556
256,20,10.0,0,2,4,8,0.01,42,0.7,0.9373763730482724,0.90185042717739,0.9282350489685351,0.9046204245904766,0.8975148683092609,0.8883632923368022,0.8952093429729086,0.8890146906370211,127.37033438682556
256,20,10.0,0,2,4,8,0.01,42,0.8,0.9561509785647717,0.8308296554237357,0.9214050765068423,0.9046204245904766,0.9213776722090261,0.815515610217597,0.8924165300664308,0.8890146906370211,127.37033438682556
256,20,10.0,0,2,5,8,0.01,42,0.3,0.8699602498580352,0.9925092116451391,0.8976699473563745,0.9074936922044659,0.8146768324380523,0.9884368758540943,0.8521262375676838,0.8883440215575347,125.2381682395935
256,20,10.0,0,2,5,8,0.01,42,0.4,0.8850608201617015,0.9840061545936754,0.9078835539034846,0.9074936922044659,0.8317070987378032,0.9766635130873541,0.8637567982150328,0.8883440215575347,125.2381682395935
256,20,10.0,0,2,5,8,0.01,42,0.5,0.901024019275657,0.9690650686318176,0.9171225199505667,0.9074936922044659,0.8523120037365717,0.9591085882476611,0.8767175939271643,0.8883440215575347,125.2381682395935
256,20,10.0,0,2,5,8,0.01,42,0.6,0.9187209577065448,0.9446491476697575,0.9250686465964175,0.9074936922044659,0.8754683494379807,0.9333543571954168,0.8892561155762537,0.8883440215575347,125.2381682395935
256,20,10.0,0,2,5,8,0.01,42,0.7,0.9386913528297917,0.9032676033526339,0.9295774647887324,0.9074936922044659,0.8975993201614616,0.888258173026385,0.8952456628261157,0.8883440215575347,125.2381682395935
256,20,10.0,0,2,5,8,0.01,42,0.8,0.9566813850801766,0.8334210632870389,0.9225700903162188,0.9074936922044659,0.9205352913311227,0.8170923998738568,0.8922944468359879,0.8883440215575347,125.2381682395935
1024,0,0.0,0,2,3,8,0.01,42,0.3,0.8641187462539224,0.9923877394015468,0.8929736031916639,0.8947642264058681,0.8019894575752423,0.9915904551666141,0.8422509431014085,0.8846621536930988,15.453770399093628
1024,0,0.0,0,2,3,8,0.01,42,0.4,0.8777212173724683,0.9844110620723164,0.9021652411080395,0.8947642264058681,0.820925730376628,0.9806580468832125,0.8557734204793028,0.8846621536930988,15.453770399093628
1024,0,0.0,0,2,3,8,0.01,42,0.5,0.8924086013490851,0.9695914483540511,0.9105289174493328,0.8947642264058681,0.8428794704422176,0.9637338379060233,0.8701594533029613,0.8846621536930988,15.453770399093628
1024,0,0.0,0,2,3,8,0.01,42,0.6,0.9106077735760789,0.9457828886099526,0.919153959665519,0.8947642264058681,0.8673041272319251,0.93440555029959,0.8831594634873323,0.8846621536930988,15.453770399093628
1024,0,0.0,0,2,3,8,0.01,42,0.7,0.9289859878948677,0.9073571688869093,0.9234826865025808,0.8947642264058681,0.8906840117498951,0.8924629454430779,0.8911280799811069,0.8846621536930988,15.453770399093628
1024,0,0.0,0,2,3,8,0.01,42,0.8,0.9506656225528582,0.8356480544195651,0.9190416815105095,0.8947642264058681,0.9185702449994082,0.8158309681488489,0.8905335628227194,0.8846621536930988,15.453770399093628
1024,0,0.0,0,2,4,8,0.01,42,0.3,0.865071804100067,0.9927116653844597,0.8938024061246811,0.8972945982455294,0.8022118247554232,0.9912750972353621,0.842377953459288,0.8836491738547987,13.847063541412354
1024,0,0.0,0,2,4,8,0.01,42,0.4,0.8782417106118616,0.9845325343159088,0.902603127465083,0.8972945982455294,0.8202266936121606,0.9812887627457164,0.8553234377863295,0.8836491738547987,13.847063541412354
1024,0,0.0,0,2,4,8,0.01,42,0.5,0.8931141184804086,0.9699963558326923,0.9111690089953027,0.8972945982455294,0.8420472296241845,0.963313360664354,0.869408472083867,0.8836491738547987,13.847063541412354
1024,0,0.0,0,2,4,8,0.01,42,0.6,0.9104744852282901,0.9471190832894684,0.9193672005502606,0.8972945982455294,0.8665887622942837,0.9354567434037633,0.8828373015873014,0.8836491738547987,13.847063541412354
1024,0,0.0,0,2,4,8,0.01,42,0.7,0.9294980726986364,0.9080455116005992,0.924040462308659,0.8972945982455294,0.8898669181599078,0.8926731840639125,0.8905668292171359,0.8836491738547987,13.847063541412354
1024,0,0.0,0,2,4,8,0.01,42,0.8,0.9515282636715153,0.8369842490990809,0.9200502954300148,0.8972945982455294,0.9182323053290795,0.8168821612530222,0.8906079880809121,0.8836491738547987,13.847063541412354
1024,0,0.0,0,2,5,8,0.01,42,0.3,0.8652740040227249,0.9928736283759161,0.8939971197841662,0.9010864692116647,0.8024334212541478,0.9913802165457795,0.8425801840435987,0.8826356687482391,12.315000057220459
1024,0,0.0,0,2,5,8,0.01,42,0.4,0.878489148882389,0.9850589140381423,0.9029097387173397,0.9010864692116647,0.8202355836849508,0.9808682855040471,0.8552507962695629,0.8826356687482391,12.315000057220459
1024,0,0.0,0,2,5,8,0.01,42,0.5,0.8937486029356978,0.9713730412600721,0.9119679157598625,0.9010864692116647,0.8426759786803897,0.963944076526858,0.8700396119452548,0.8826356687482391,12.315000057220459
1024,0,0.0,0,2,5,8,0.01,42,0.6,0.9117315394486137,0.9493865651698586,0.9208624617076429,0.9010864692116647,0.8656280428432327,0.9345106696100074,0.881878828460184,0.8826356687482391,12.315000057220459
1024,0,0.0,0,2,5,8,0.01,42,0.7,0.9309487296389937,0.9094626877758433,0.9254826016193165,0.9010864692116647,0.8894593461860855,0.8923578261326606,0.8901821995019006,0.8826356687482391,12.315000057220459
1024,0,0.0,0,2,5,8,0.01,42,0.8,0.9530581250862902,0.8385228975179172,0.9215878243068845,0.9010864692116647,0.9166371053565094,0.814884894355093,0.8888888888888888,0.8826356687482391,12.315000057220459
1024,0,10.0,0,2,3,8,0.01,42,0.3,0.8639746076529713,0.9919423411750415,0.8927679889214848,0.8912015844158397,0.8013081889228678,0.9915904551666141,0.8416873006312877,0.8862801769077233,17.061452865600586
1024,0,10.0,0,2,3,8,0.01,42,0.4,0.8762856833519795,0.9831558488885289,0.9007642083395163,0.8912015844158397,0.820738137082601,0.981814359297803,0.855840377522736,0.8862801769077233,17.061452865600586
1024,0,10.0,0,2,3,8,0.01,42,0.5,0.8918777748759468,0.9679313276916225,0.9097482541434363,0.8912015844158397,0.8441127694859039,0.9631031220435194,0.8710160427807486,0.8862801769077233,17.061452865600586
1024,0,10.0,0,2,3,8,0.01,42,0.6,0.9092432390304731,0.9447706199133498,0.9178722106940197,0.8912015844158397,0.8690557562738014,0.9355618627141806,0.8847797991848095,0.8862801769077233,17.061452865600586
1024,0,10.0,0,2,3,8,0.01,42,0.7,0.9273247377803574,0.9056970482244807,0.9218215536781372,0.8912015844158397,0.8929885419951645,0.8929885419951645,0.8929885419951644,0.8862801769077233,17.061452865600586
1024,0,10.0,0,2,3,8,0.01,42,0.8,0.9496753994198628,0.8351621654451957,0.9182006365882431,0.8912015844158397,0.9196649758169163,0.8195101440134552,0.8923992673992673,0.8862801769077233,17.061452865600586
1024,0,10.0,0,2,4,8,0.01,42,0.3,0.8651042953446512,0.992468720897275,0.8937791715285882,0.8963540660704239,0.8033233915636984,0.9909597393041102,0.8432398586698867,0.8852236654624235,16.922890186309814
1024,0,10.0,0,2,4,8,0.01,42,0.4,0.8778548713501012,0.9836012471150342,0.9021009534596568,0.8963540660704239,0.8217368328342435,0.9807631661936298,0.8564543889845094,0.8852236654624235,16.922890186309814
1024,0,10.0,0,2,4,8,0.01,42,0.5,0.8931448605102194,0.9696319391019153,0.9111125907184234,0.8963540660704239,0.8442456658059757,0.9623672868705981,0.8709715780711142,0.8852236654624235,16.922890186309814
1024,0,10.0,0,2,4,8,0.01,42,0.6,0.9108478802992519,0.9465117220715067,0.9195094848016995,0.8963540660704239,0.8689149560117302,0.93440555029959,0.8844116110738005,0.8852236654624235,16.922890186309814
1024,0,10.0,0,2,4,8,0.01,42,0.7,0.9295511997016286,0.9082479653399198,0.9241322484292924,0.8963540660704239,0.8919571608567829,0.8929885419951645,0.8922147827228567,0.8852236654624235,16.922890186309814
1024,0,10.0,0,2,4,8,0.01,42,0.8,0.9516240180089126,0.8387253512572377,0.9206426809484655,0.8963540660704239,0.9191931107703197,0.819089666771786,0.8919413919413919,0.8852236654624235,16.922890186309814
1024,0,10.0,0,2,5,8,0.01,42,0.3,0.8653886888371107,0.9925497023930032,0.8940232505128791,0.8983355215638184,0.8034770751661837,0.9910648586145275,0.8433858884043386,0.8847099531047062,16.360890865325928
1024,0,10.0,0,2,5,8,0.01,42,0.4,0.8779483474805851,0.9841681175851318,0.9022941569530033,0.8983355215638184,0.8218972958689333,0.9808682855040471,0.8566051592765995,0.8847099531047062,16.360890865325928
1024,0,10.0,0,2,5,8,0.01,42,0.5,0.8930913698017588,0.9704417540591975,0.9112494653295947,0.8983355215638184,0.8439258370998985,0.9617365710080942,0.8705871158055,0.8847099531047062,16.360890865325928
1024,0,10.0,0,2,5,8,0.01,42,0.6,0.910960504790839,0.946997611045876,0.9197101819719031,0.8983355215638184,0.8687036313939868,0.9354567434037633,0.8844825444154553,0.8847099531047062,16.360890865325928
1024,0,10.0,0,2,5,8,0.01,42,0.7,0.9301603081893873,0.9092197432886585,0.924835255354201,0.8983355215638184,0.8906479345774796,0.8929885419951645,0.891231935373882,0.8847099531047062,16.360890865325928
1024,0,10.0,0,2,5,8,0.01,42,0.8,0.9519372016158648,0.8396566384581123,0.9211429332918745,0.8983355215638184,0.9184250854650478,0.8189845474613686,0.8913677707224987,0.8847099531047062,16.360890865325928
1024,20,0.0,0,2,3,8,0.01,42,0.3,0.8688414266992527,0.9932380451066931,0.896924933269955,0.9059816750695299,0.8132987910189983,0.9900136655103543,0.8512869184010122,0.8895918291370637,74.22750663757324
1024,20,0.0,0,2,3,8,0.01,42,0.4,0.8833145638827333,0.9845325343159088,0.9066164544454596,0.9059816750695299,0.8318869106200233,0.9773993482602754,0.8640460923705975,0.8895918291370637,74.22750663757324
1024,20,0.0,0,2,3,8,0.01,42,0.5,0.8989705440336639,0.968822124144633,0.9154718063991583,0.9059816750695299,0.8517862139725771,0.9599495427309996,0.8764756694500432,0.8895918291370637,74.22750663757324
1024,20,0.0,0,2,3,8,0.01,42,0.6,0.9182387460123665,0.9440417864517958,0.9245563596708636,0.9059816750695299,0.8747415066469719,0.9337748344370861,0.8887888338586223,0.8895918291370637,74.22750663757324
1024,20,0.0,0,2,3,8,0.01,42,0.7,0.9375814383590433,0.9031866218569057,0.9287394608098262,0.9059816750695299,0.8988596397740595,0.8865762640597078,0.895756996442037,0.8895918291370637,74.22750663757324
1024,20,0.0,0,2,3,8,0.01,42,0.8,0.9560444671845202,0.8322468315989796,0.9217660380743099,0.9059816750695299,0.9239570917759237,0.814884894355093,0.8940403079318399,0.8895918291370637,74.22750663757324
1024,20,0.0,0,2,4,8,0.01,42,0.3,0.8693356953055802,0.9935214803417419,0.8973777566470396,0.9084536420244091,0.8147282796815507,0.9896983075791023,0.8524026165093591,0.8888920404984455,69.26488494873047
1024,20,0.0,0,2,4,8,0.01,42,0.4,0.8841665151790583,0.9846944973073652,0.9073238070365258,0.9084536420244091,0.8313651816067275,0.9768737517081888,0.8635212674518549,0.8888920404984455,69.26488494873047
1024,20,0.0,0,2,4,8,0.01,42,0.5,0.9002893975269666,0.969915374336964,0.9167416138846898,0.9084536420244091,0.8512304250559284,0.9599495427309996,0.8760342470681344,0.8888920404984455,69.26488494873047
1024,20,0.0,0,2,4,8,0.01,42,0.6,0.9185094829621469,0.945175527391991,0.9250339313843016,0.9084536420244091,0.8737940539476274,0.9330389992641648,0.8878885637832296,0.8888920404984455,69.26488494873047
1024,20,0.0,0,2,4,8,0.01,42,0.7,0.9383037740606875,0.903996436814188,0.9294851112105663,0.9084536420244091,0.8960059485872105,0.8866813833701251,0.893656469341809,0.8888920404984455,69.26488494873047
1024,20,0.0,0,2,4,8,0.01,42,0.8,0.9567180155442826,0.832368303842572,0.9222728190403553,0.9084536420244091,0.9227564865508212,0.8149900136655104,0.8932284916040207,0.8888920404984455,69.26488494873047
1024,20,0.0,0,2,5,8,0.01,42,0.3,0.8700971700120576,0.9934404988460137,0.8979696406840454,0.9111713525503664,0.8135534618376696,0.9893829496478503,0.8513794663048394,0.8881237043519723,65.27227425575256
1024,20,0.0,0,2,5,8,0.01,42,0.4,0.8847105033459413,0.9849779325424141,0.9078135933199609,0.9111713525503664,0.8314405794509523,0.9773993482602754,0.8636849194185128,0.8881237043519723,65.27227425575256
1024,20,0.0,0,2,5,8,0.01,42,0.5,0.9013041680760702,0.971008624529295,0.9177749287204119,0.9111713525503664,0.8508117186042172,0.9585829916955745,0.8754169966640266,0.8881237043519723,65.27227425575256
1024,20,0.0,0,2,5,8,0.01,42,0.6,0.9197385003150599,0.9456209256184962,0.9260753620889635,0.9111713525503664,0.873178416699488,0.9321980447808262,0.8872214301793352,0.8881237043519723,65.27227425575256
1024,20,0.0,0,2,5,8,0.01,42,0.7,0.9397367425038899,0.9048062517714702,0.9307536914009621,0.9111713525503664,0.8964270523181624,0.8861557868180385,0.8938369781312128,0.8881237043519723,65.27227425575256
1024,20,0.0,0,2,5,8,0.01,42,0.8,0.9578159155388122,0.8338664615135442,0.9234977578475336,0.9111713525503664,0.9226282585406499,0.8147797750446757,0.8930752390828436,0.8881237043519723,65.27227425575256
1024,20,10.0,0,2,3,8,0.01,42,0.3,0.8683595410114747,0.9927926468801879,0.8964489739957041,0.9041443004202041,0.8133149123564459,0.9901187848207715,0.8513195950831526,0.8899021641905849,66.84414339065552
1024,20,10.0,0,2,3,8,0.01,42,0.4,0.8836786623046166,0.9843300805765882,0.9068611450474229,0.9041443004202041,0.8315770673334524,0.9788710186061179,0.8640823996102721,0.8899021641905849,66.84414339065552
1024,20,10.0,0,2,3,8,0.01,42,0.5,0.8998231952751758,0.9685386889095842,0.9160714627654483,0.9041443004202041,0.8522112334390745,0.9601597813518343,0.8768569851441188,0.8899021641905849,66.84414339065552
1024,20,10.0,0,2,3,8,0.01,42,0.6,0.9164567920667401,0.9429890270073288,0.9229488868853597,0.9041443004202041,0.8748645186717903,0.9333543571954168,0.8887887887887888,0.8899021641905849,66.84414339065552
1024,20,10.0,0,2,3,8,0.01,42,0.7,0.9372238818529894,0.9019314086731182,0.9281443363403404,0.9041443004202041,0.8988095238095238,0.8888888888888888,0.8963086625857911,0.8899021641905849,66.84414339065552
1024,20,10.0,0,2,3,8,0.01,42,0.8,0.9555007904770761,0.8320443778596591,0.9213248893123354,0.9041443004202041,0.9221905440722262,0.8160412067696836,0.8931457991773808,0.8899021641905849,66.84414339065552
1024,20,10.0,0,2,4,8,0.01,42,0.3,0.8687491146054682,0.9932380451066931,0.896851149399022,0.9074654294545246,0.8138831258644537,0.9896983075791023,0.8517086188570007,0.8899100760437426,68.22986030578613
1024,20,10.0,0,2,4,8,0.01,42,0.4,0.8840532286212914,0.9845325343159088,0.9071999552276396,0.9074654294545246,0.832245955849495,0.9788710186061179,0.8646239554317549,0.8899100760437426,68.22986030578613
1024,20,10.0,0,2,4,8,0.01,42,0.5,0.8997183098591549,0.9699558650848281,0.9163064682706653,0.9074654294545246,0.8519243313763861,0.9610007358351729,0.8768042967438737,0.8899100760437426,68.22986030578613
1024,20,10.0,0,2,4,8,0.01,42,0.6,0.9180934388160743,0.9444871846783011,0.9245526070671239,0.9074654294545246,0.8749631377174875,0.935666982024598,0.8893884892086331,0.8899100760437426,68.22986030578613
1024,20,10.0,0,2,4,8,0.01,42,0.7,0.937728475986386,0.9036320200834109,0.928965388057527,0.9074654294545246,0.897792400764169,0.8892042468201409,0.8956298472696471,0.8899100760437426,68.22986030578613
1024,20,10.0,0,2,4,8,0.01,42,0.8,0.9568656646968499,0.8326517390776208,0.9224627116743299,0.9074654294545246,0.9220563847429519,0.8182487122884474,0.8937110709262608,0.8899100760437426,68.22986030578613
1024,20,10.0,0,2,5,8,0.01,42,0.3,0.8690999291282778,0.9930760821152367,0.8970984939235715,0.9091454795942746,0.8138992134151612,0.9898034268895196,0.8517412935323383,0.8892725973523985,67.90570425987244
1024,20,10.0,0,2,5,8,0.01,42,0.4,0.8843287651314116,0.9850184232902782,0.9075207043199285,0.9091454795942746,0.8316362986780993,0.9787658992957006,0.8641098814412658,0.8892725973523985,67.90570425987244
1024,20,10.0,0,2,5,8,0.01,42,0.5,0.9004281850961539,0.9706846985463822,0.9170212969426886,0.9091454795942746,0.8516273430942833,0.9599495427309996,0.8763495033827552,0.8892725973523985,67.90570425987244
1024,20,10.0,0,2,5,8,0.01,42,0.6,0.9188103210557416,0.9444062031825727,0.9250783326061953,0.9091454795942746,0.8754427390791027,0.9353516240933459,0.8896887889013874,0.8892725973523985,67.90570425987244
1024,20,10.0,0,2,5,8,0.01,42,0.7,0.9385585206976256,0.9042798720492368,0.9297475073374826,0.9091454795942746,0.8974086661002549,0.888258173026385,0.8951034135748523,0.8892725973523985,67.90570425987244
1024,20,10.0,0,2,5,8,0.01,42,0.8,0.9575853408985211,0.8337044985220877,0.9232873333856485,0.9091454795942746,0.9221656201871816,0.8182487122884474,0.8937880353657136,0.8892725973523985,67.90570425987244
