max_bins,interactions,outer_bags,learning_rate,min_samples_leaf,max_leaves,random_state,threshold,train_precision,train_recall,train_f1,train_auc,test_precision,test_recall,test_f1,test_auc
128,0,8,0.01,2,3,42,0.3,0.8508398015014633,0.9847575567909871,0.9129136303906343,0.8981743844032248,0.8861546431809351,0.970634132501064,0.9264725795531483,0.8175343291050053
128,0,8,0.01,2,3,42,0.4,0.869231276371308,0.9708405434262362,0.917230464198132,0.8981743844032248,0.8970291705874446,0.9466591005816428,0.9211761457758144,0.8175343291050053
128,0,8,0.01,2,3,42,0.5,0.8887512899896801,0.9512168182320239,0.9189237253472284,0.8981743844032248,0.907763582760073,0.9172932330827067,0.9125035280835451,0.8175343291050053
128,0,8,0.01,2,3,42,0.6,0.9061935390619353,0.9233091565111741,0.9146712865870338,0.8981743844032248,0.9188027855978663,0.8796992481203008,0.8988259167995362,0.8175343291050053
128,0,8,0.01,2,3,42,0.7,0.9245501583133833,0.8815581164169213,0.902542452741288,0.8981743844032248,0.9325163138628044,0.8311817279046674,0.8789378937893789,0.8175343291050053
128,0,8,0.01,2,3,42,0.8,0.9470956596847333,0.8074076801295976,0.8716909134271404,0.8981743844032248,0.9461237553342816,0.7548588452262732,0.8397380257239802,0.8175343291050053
128,10,8,0.01,2,3,42,0.3,0.8530555024533232,0.9857516291741836,0.9146156079730815,0.9025003467784831,0.886084142394822,0.9710597247836572,0.9266278597536213,0.8185781911246078
128,10,8,0.01,2,3,42,0.4,0.87231156111442,0.9706196384521925,0.9188435599393548,0.9025003467784831,0.8977425423273314,0.9477940133352248,0.9220895728383134,0.8185781911246078
128,10,8,0.01,2,3,42,0.5,0.8916361627184198,0.9506277383012407,0.9201874587929222,0.9025003467784831,0.9094742760753444,0.9178606894594978,0.9136482383675775,0.8185781911246078
128,10,8,0.01,2,3,42,0.6,0.909814612868048,0.9215050992231508,0.915622542115564,0.9025003467784831,0.9215510812826249,0.8765782380479501,0.8985022538897776,0.8185781911246078
128,10,8,0.01,2,3,42,0.7,0.9281455792385925,0.8769559294576783,0.9018249280630016,0.9025003467784831,0.9337194337194337,0.8233792027237906,0.8750848096494535,0.8185781911246078
128,10,8,0.01,2,3,42,0.8,0.9497196992742601,0.8046095504583778,0.8711631985968269,0.9025003467784831,0.9477194880115377,0.7457795431976166,0.8347094315655764,0.8185781911246078
128,20,8,0.01,2,3,42,0.3,0.8545315341180975,0.9862302566179448,0.9156696520133999,0.9070366637211632,0.8864402385273529,0.970066676124273,0.9263699790015579,0.819156101924793
128,20,8,0.01,2,3,42,0.4,0.8751243121394948,0.9719450682964544,0.920997086887505,0.9070366637211632,0.8979536887452881,0.9462335082990495,0.9214616287904953,0.819156101924793
128,20,8,0.01,2,3,42,0.5,0.8935780450712014,0.9518427156584809,0.9217905977572959,0.9070366637211632,0.9086950414384043,0.9177188253653,0.913184641445511,0.819156101924793
128,20,8,0.01,2,3,42,0.6,0.9130323989807062,0.923419608998196,0.9181966282879683,0.9070366637211632,0.920832086201736,0.8728897715988083,0.8962202315927463,0.819156101924793
128,20,8,0.01,2,3,42,0.7,0.93116507886928,0.8780604543278966,0.9038333996551267,0.9070366637211632,0.9335376673657041,0.8209675131224287,0.873641304347826,0.819156101924793
128,20,8,0.01,2,3,42,0.8,0.9516059027777778,0.8072235926512279,0.8734885759247824,0.9070366637211632,0.9487968156323503,0.7439353099730458,0.833969465648855,0.819156101924793
128,50,8,0.01,2,3,42,0.3,0.8564312172691276,0.987445233975185,0.9172837183850061,0.9129153617022252,0.8877338877338877,0.9692154915590864,0.926687012546626,0.8207863841589713
128,50,8,0.01,2,3,42,0.4,0.8766528583264291,0.9739332130628474,0.9227361518068927,0.9129153617022252,0.8993939393939394,0.9473684210526315,0.9227580489152964,0.8207863841589713
128,50,8,0.01,2,3,42,0.5,0.8962773318571824,0.9537940429292,0.9241416213323821,0.9129153617022252,0.9097691441441441,0.9168676408001135,0.9133045997315057,0.8207863841589713
128,50,8,0.01,2,3,42,0.6,0.916016052535571,0.9244136813813925,0.9201957083432593,0.9129153617022252,0.9216272808854322,0.8741665484465881,0.8972697488168911,0.8207863841589713
128,50,8,0.01,2,3,42,0.7,0.9349841567891093,0.8799749641029417,0.9066459297473636,0.9129153617022252,0.9344921937872204,0.8236629309121861,0.8755843764138139,0.8207863841589713
128,50,8,0.01,2,3,42,0.8,0.9540683553088133,0.8098744523397519,0.8760778222514288,0.9129153617022252,0.9466570553252839,0.7452120868208256,0.8339418955389745,0.8207863841589713
256,0,8,0.01,2,3,42,0.3,0.8512649164677805,0.9849048267736829,0.9132215887754753,0.8989070774648513,0.8861841253398938,0.9709178606894595,0.9266179258055781,0.8181786133374374
256,0,8,0.01,2,3,42,0.4,0.869771737696266,0.9708037259305622,0.9175148320197645,0.8989070774648513,0.895889306824288,0.9460916442048517,0.9203063547919685,0.8181786133374374
256,0,8,0.01,2,3,42,0.5,0.8890493878112533,0.9517322631714591,0.9193235770044632,0.8989070774648513,0.9074463609591923,0.9180025535536955,0.9126939351198872,0.8181786133374374
256,0,8,0.01,2,3,42,0.6,0.9061665102173442,0.924082323920327,0.9150367305273519,0.8989070774648513,0.9194959229058562,0.8798411122144985,0.8992315499492533,0.8181786133374374
256,0,8,0.01,2,3,42,0.7,0.9250906006631198,0.8834358086962925,0.9037834987476223,0.8989070774648513,0.93315338202604,0.833735281600227,0.8806473364801078,0.8181786133374374
256,0,8,0.01,2,3,42,0.8,0.9475566663793846,0.8095799123743603,0.8731510711378482,0.8989070774648513,0.9462612692239702,0.7593984962406015,0.8425940500550921,0.8181786133374374
256,10,8,0.01,2,3,42,0.3,0.8536134400204023,0.9858620816612054,0.9149837690073467,0.9038650216456063,0.8865752715985514,0.9724783657256348,0.9275421148772073,0.818893647272374
256,10,8,0.01,2,3,42,0.4,0.872708016151453,0.9708037259305622,0.9191459694989107,0.9038650216456063,0.8978740581270183,0.9466591005816428,0.9216214349837718,0.818893647272374
256,10,8,0.01,2,3,42,0.5,0.8923204477147891,0.9509959132579802,0.9207243173878947,0.9038650216456063,0.9084655341850344,0.9180025535536955,0.9132091447925487,0.818893647272374
256,10,8,0.01,2,3,42,0.6,0.9105442918392559,0.9226464415890431,0.9165554194173692,0.9038650216456063,0.9200892857142857,0.8771456944247411,0.8981044375045392,0.818893647272374
256,10,8,0.01,2,3,42,0.7,0.9292224992209411,0.8782813593019403,0.9030340885431454,0.9038650216456063,0.9337087691069992,0.8232373386295928,0.875,0.818893647272374
256,10,8,0.01,2,3,42,0.8,0.9510140270117688,0.8062663377637053,0.8726787279827847,0.9038650216456063,0.9475197699496765,0.7479075046105831,0.8359628954253548,0.818893647272374
256,20,8,0.01,2,3,42,0.3,0.8549308814609073,0.9859357166525533,0.9157718350318036,0.9081253266722817,0.8873038516405135,0.970634132501064,0.92710027100271,0.8194790949824482
256,20,8,0.01,2,3,42,0.4,0.8757551616543849,0.9713559883656714,0.9210815717352977,0.9081253266722817,0.8973358449946178,0.9460916442048517,0.9210689869484152,0.8194790949824482
256,20,8,0.01,2,3,42,0.5,0.8941562932226833,0.9520636206325246,0.9222018152315401,0.9081253266722817,0.9089376053962901,0.9175769612711023,0.9132368513942817,0.8194790949824482
256,20,8,0.01,2,3,42,0.6,0.914073318271263,0.9235300614852178,0.9187773565555006,0.9081253266722817,0.9206752315506423,0.874308412540786,0.8968929636906061,0.8194790949824482
256,20,8,0.01,2,3,42,0.7,0.931591263650546,0.8794227016678325,0.9047555917501563,0.9081253266722817,0.9338590280012874,0.8232373386295928,0.8750659730076151,0.8194790949824482
256,20,8,0.01,2,3,42,0.8,0.9522714453074153,0.8080335775560546,0.8742431485022307,0.9081253266722817,0.9481734748965269,0.7474819123279898,0.8359511343804538,0.8194790949824482
256,50,8,0.01,2,3,42,0.3,0.8559708877326269,0.9872611464968153,0.9169402270551225,0.9126431518747424,0.8875778008298755,0.9710597247836572,0.9274439401124585,0.8214118261166813
256,50,8,0.01,2,3,42,0.4,0.876417534319252,0.9731232281580207,0.9222421884540902,0.9126431518747424,0.8985877605917956,0.9477940133352248,0.9225352112676056,0.8214118261166813
256,50,8,0.01,2,3,42,0.5,0.8963857924253964,0.9533154154854386,0.9239745213838385,0.9126431518747424,0.910472972972973,0.9175769612711023,0.914011163710874,0.8214118261166813
256,50,8,0.01,2,3,42,0.6,0.9159924192725417,0.925334118773241,0.9206395721533361,0.9126431518747424,0.9205614454233239,0.8745921407291815,0.8969882147533828,0.8214118261166813
256,50,8,0.01,2,3,42,0.7,0.9349288284060692,0.8802326865726593,0.9067566798778753,0.9126431518747424,0.9349645846748229,0.8239466591005816,0.8759520398160018,0.8214118261166813
256,50,8,0.01,2,3,42,0.8,0.9544862894828184,0.8099480873310997,0.8762970782130693,0.9126431518747424,0.9467893217893217,0.7446446304440346,0.8336377352497419,0.8214118261166813
512,0,8,0.01,2,3,42,0.3,0.8517116314583864,0.9856411766871618,0.9137951632447562,0.8992004451628404,0.8861693861693861,0.9707759965952617,0.92654525759935,0.8181395915943033
512,0,8,0.01,2,3,42,0.4,0.8694806265457543,0.9707669084348882,0.9173363949483353,0.8992004451628404,0.8962049081400026,0.9480777415236203,0.9214118295877568,0.8181395915943033
512,0,8,0.01,2,3,42,0.5,0.8883123131379085,0.9516954456757851,0.9189121933878421,0.8992004451628404,0.9074074074074074,0.9175769612711023,0.9124638498977217,0.8181395915943033
512,0,8,0.01,2,3,42,0.6,0.9060235752135828,0.925370936268915,0.9155950602892426,0.8992004451628404,0.9193143194916507,0.8825365300042559,0.9005500868558194,0.8181395915943033
512,0,8,0.01,2,3,42,0.7,0.9254679916801479,0.8846139685578587,0.9045799371270448,0.8992004451628404,0.9330371310695017,0.8341608738828202,0.8808328964122538,0.8181395915943033
512,0,8,0.01,2,3,42,0.8,0.9471893172517769,0.8095799123743603,0.8729950770208036,0.8992004451628404,0.9460463470723509,0.7586891757696127,0.8420721146276177,0.8181395915943033
512,10,8,0.01,2,3,42,0.3,0.8536181064711508,0.9858988991568793,0.9150023064700756,0.9045239396662392,0.8855592870059417,0.9726202298198326,0.9270502332499493,0.8184061793908548
512,10,8,0.01,2,3,42,0.4,0.8737950909271589,0.9712087183829756,0.9199302528334786,0.9045239396662392,0.8983050847457628,0.9473684210526315,0.9221846302561624,0.8184061793908548
512,10,8,0.01,2,3,42,0.5,0.8926830954273667,0.9509222782666323,0.920882803864941,0.9045239396662392,0.9088222878851836,0.9163001844233225,0.9125459169256852,0.8184061793908548
512,10,8,0.01,2,3,42,0.6,0.9110981775853916,0.9221678141452818,0.9165995754958648,0.9045239396662392,0.9203698180733672,0.8755851893885658,0.8974191203198837,0.8184061793908548
512,10,8,0.01,2,3,42,0.7,0.9299633642528646,0.878502264275984,0.9035006342414661,0.9045239396662392,0.9343182913120283,0.8253653000425593,0.8764688159084062,0.8184061793908548
512,10,8,0.01,2,3,42,0.8,0.9509058521962028,0.805824527815618,0.8723743473235283,0.9045239396662392,0.9478792235801582,0.7481912327989786,0.8362800285419805,0.8184061793908548
512,20,8,0.01,2,3,42,0.3,0.8543599553642596,0.9865984315746843,0.9157297611318047,0.9078857121030146,0.8865284974093264,0.9709178606894595,0.9268061480127293,0.8195592050407826
512,20,8,0.01,2,3,42,0.4,0.8749213081077499,0.9722027907661721,0.9210003139060374,0.9078857121030146,0.897978436657682,0.9452404596396652,0.9210035247771097,0.8195592050407826
512,20,8,0.01,2,3,42,0.5,0.8940420237766105,0.9524686130849379,0.9223309624400592,0.9078857121030146,0.9095782197771195,0.9147396793871471,0.9121516480407412,0.8195592050407826
512,20,8,0.01,2,3,42,0.6,0.9137440758293839,0.9227937115717388,0.9182465974244839,0.9078857121030146,0.9223970037453183,0.8734572279755993,0.8972602739726028,0.8195592050407826
512,20,8,0.01,2,3,42,0.7,0.9324783985612073,0.8780972718235706,0.9044711593158633,0.9078857121030146,0.9352016847561964,0.8189814158036601,0.8732415670851611,0.8195592050407826
512,20,8,0.01,2,3,42,0.8,0.9523954306563002,0.8072972276425757,0.8738641798182688,0.9078857121030146,0.9482509917057339,0.7460632713860123,0.8350932909884875,0.8195592050407826
512,50,8,0.01,2,3,42,0.3,0.8568097610834291,0.9876293214535548,0.9175802562041424,0.9145589999019547,0.8873604983130029,0.970066676124273,0.9268722466960353,0.8202557613901854
512,50,8,0.01,2,3,42,0.4,0.8768363455480019,0.9734914031147601,0.9226394026100915,0.9145589999019547,0.898815931108719,0.9476521492410271,0.922588219045646,0.8202557613901854
512,50,8,0.01,2,3,42,0.5,0.8980108123093984,0.9540517653989176,0.9251834264598247,0.9145589999019547,0.9114458679431227,0.9184281458362888,0.9149236856981345,0.8202557613901854
512,50,8,0.01,2,3,42,0.6,0.9172932330827067,0.9252973012775672,0.9212778826591397,0.9145589999019547,0.9224550898203593,0.8741665484465881,0.8976618836040499,0.8202557613901854
512,50,8,0.01,2,3,42,0.7,0.9361926731047425,0.8815949339125952,0.9080738746255073,0.9145589999019547,0.9354005167958657,0.8216768335934175,0.874858394381089,0.8202557613901854
512,50,8,0.01,2,3,42,0.8,0.9545355949850332,0.8100953573137956,0.8764040468413925,0.9145589999019547,0.9480496135178861,0.7481912327989786,0.8363463368220743,0.8202557613901854
