max_depth,min_samples_split,min_samples_leaf,class_weight_factor,precision_mean,precision_std,recall_mean,recall_std,f1_mean,f1_std
4,40,20,0.8,0.8599441848016882,0.03559775948486903,0.9600162817445277,0.020821114987841612,0.906360343299338,0.011355549884753516
4,40,20,1.0,0.8410899953632679,0.027245589569067134,0.9510887496804611,0.019601866084967192,0.8922948540441653,0.015558951527026391
4,40,20,1.2,0.8418835938079225,0.027033676843947523,0.9693381263763626,0.020358512083976887,0.9006448269610314,0.013280917397006115
4,40,20,1.5,0.8432220590178746,0.044141419515281444,0.9761405442345716,0.0029269956694580653,0.904243301671059,0.02653166187369077
4,40,20,2.0,0.847041581857168,0.004954141582540498,0.9883578849785858,0.0022087490226234195,0.912245402514641,0.00212207271869558
4,40,25,0.8,0.8821037724678497,0.02864135131711778,0.9112097579964037,0.0259381130854351,0.8961636805782988,0.023047381703682514
4,40,25,1.0,0.8729656323310501,0.03491767317276229,0.9497232002632785,0.016029128382562322,0.9091237530349675,0.01539534091898214
4,40,25,1.2,0.8652301905612073,0.020245948998474064,0.972184375866297,0.013233184841735522,0.9153312499369616,0.00866169560153262
4,40,25,1.5,0.8697825232745653,0.01580684877102734,0.9858201726169589,0.008897558716571259,0.9240070369573243,0.005516910972509883
4,40,25,2.0,0.8420994613648349,0.039832034603341844,0.9899077126264056,0.007779054737538118,0.9093776025463466,0.020372460161580012
4,40,30,0.8,0.8545698908532936,0.016665800231299856,0.9506534897964064,0.02979266137217553,0.8995023568266559,0.006723433249734834
4,40,30,1.0,0.8573172521035125,0.01985397583391933,0.9708532354176462,0.013147382185396675,0.9102609531646665,0.006164236442143752
4,40,30,1.2,0.7960862877147755,0.03316281706686322,0.9852037859404404,0.007074357284800534,0.8802498151153234,0.020852507907047017
4,40,30,1.5,0.8544695586291639,0.03162045617245814,0.9847507822173012,0.006824449920047643,0.9145627633615899,0.01502723862745364
4,40,30,2.0,0.8440350643103595,0.018208902405957954,0.9855336648509603,0.007868711263995297,0.9091488322594704,0.009252878023544684
4,40,40,0.8,0.8722946908653325,0.015587967892040318,0.9642904753681482,0.012724903737892418,0.9157681872121093,0.0028885833576812407
4,40,40,1.0,0.8393342131400843,0.057614061788097054,0.9472924179353184,0.01563084747259118,0.8887124294662948,0.028622217437890903
4,40,40,1.2,0.8094709269734555,0.016475459594781857,0.9606588743381675,0.020104454340601145,0.8782650710542302,0.004825442077519059
4,40,40,1.5,0.8660168391634481,0.023093123382810374,0.9780427651979146,0.010408935269877864,0.9185413782377552,0.016883239693285028
4,40,40,2.0,0.8429196664971924,0.00871080590761344,0.9864489146261688,0.007030171417235115,0.9089968273854435,0.0038580649818620613
4,50,20,0.8,0.8744850153663354,0.039076867628949366,0.9201438756998277,0.007269683767438934,0.8961511858183809,0.017581517258162295
4,50,20,1.0,0.8391717875286867,0.041976919417025575,0.9516390827147582,0.020914064675212805,0.8909602986113015,0.02139018402881697
4,50,20,1.2,0.8305072202376268,0.014345619372735322,0.9823364563606938,0.008260453379005127,0.9000449662379562,0.011846053659639188
4,50,20,1.5,0.8428845437251731,0.018359571394783177,0.9845033761161548,0.0053635553124671016,0.9080701512079842,0.009847401369098565
4,50,20,2.0,0.8438363133392759,0.039276721049201616,0.9871456071617697,0.008308408188195704,0.9092094843187376,0.019006179261396423
4,50,25,0.8,0.8870455763671123,0.022361619905131844,0.9576616064041231,0.0131922519043678,0.9207735040540909,0.012228388360072819
4,50,25,1.0,0.8488796636900887,0.006618560235925854,0.9747550428148953,0.011733950779509495,0.9074042969600927,0.0045304945735315915
4,50,25,1.2,0.8546013567161391,0.01872393705838923,0.9813775390007184,0.007632045400550056,0.9134154488318623,0.007429232851899279
4,50,25,1.5,0.8882148399449225,0.03787112765699433,0.9773203924072348,0.011823951034310429,0.9299961728841519,0.017177668068057837
4,50,25,2.0,0.8780714894979944,0.013743945445960814,0.9837552744959982,0.012575273135927784,0.9278930208355662,0.012565845095842826
4,50,30,0.8,0.9073975117055149,0.025791207807620196,0.9483302962719377,0.015964223159462703,0.9269364302805089,0.006128038000593068
4,50,30,1.0,0.7994885015072194,0.003890916578189081,0.9793285716516856,0.0016691517827932005,0.8803089220757929,0.0018716882057879611
4,50,30,1.2,0.8305644155109677,0.05044576622442575,0.9644235072967057,0.027880209808689098,0.890830606461075,0.019163312361488587
4,50,30,1.5,0.8441528588416354,0.016433324171579534,0.9864282426670292,0.004485232138883729,0.9097103323958725,0.011465507167666455
4,50,30,2.0,0.84785029161461,0.0074458748390728155,0.9852801479183823,0.0067634156188578895,0.9113609699319687,0.0021739788087583715
4,50,40,0.8,0.8409947821480207,0.03235705404143406,0.9364117935487742,0.013292858795962904,0.8856106650796322,0.015185900686898868
4,50,40,1.0,0.8340245751407496,0.022253780580383926,0.9664164528891126,0.01074683387491799,0.8950683654430849,0.009941085872626515
4,50,40,1.2,0.8551608421451081,0.018350438191711855,0.9631621780566642,0.00943746528265164,0.9058172661320646,0.010547173974752414
4,50,40,1.5,0.8201094662796796,0.026756601902767147,0.98729377530514,0.002408627301230451,0.8957510200429623,0.01655773660156806
4,50,40,2.0,0.8185689648460724,0.013326813180681841,0.9898666095410379,0.006142234286595237,0.896034266665465,0.00817760322396561
4,60,20,0.8,0.8405557362507888,0.03713900489120235,0.9680236369511563,0.010209400404871016,0.8991551785575854,0.017862191097320564
4,60,20,1.0,0.85945746205507,0.006408494694588055,0.9713895410389005,0.012367004031004618,0.9119849141880576,0.008510307224200358
4,60,20,1.2,0.8578642752686184,0.033285538854524316,0.9648029262517955,0.010543502578311326,0.9077990258521837,0.01844329878944014
4,60,20,1.5,0.8564366214169895,0.045954906552692014,0.9854782166617132,0.010807696066067254,0.9155393177198795,0.023042709125742147
4,60,20,2.0,0.8666234611092221,0.040235572229292214,0.9791480784968872,0.020392348612288155,0.9184388555983674,0.013384407666347065
4,60,25,0.8,0.9051329174666284,0.02798043121696495,0.9478242816600106,0.019488578801872988,0.9255176119225749,0.01247216040995078
4,60,25,1.0,0.8757235972993445,0.03939184623338477,0.9482362308399016,0.03532751868469698,0.9090329017982871,0.00817502405469221
4,60,25,1.2,0.8469387786982306,0.008744181136703852,0.964304338211003,0.01331976869133842,0.901816116136354,0.01077805773088631
4,60,25,1.5,0.8448728748511721,0.016444693557115295,0.983539110463711,0.003048585389724619,0.9088862903199049,0.010840632901723846
4,60,25,2.0,0.7973504063099092,0.046161888089789854,0.9866428500522928,0.0129670083651374,0.8808735111083664,0.022513955657709545
4,60,30,0.8,0.8655791086681552,0.04287249799617372,0.9497838346365736,0.015132504921473047,0.9047586647530416,0.01712852625229409
4,60,30,1.0,0.8625855038026948,0.018831890076808223,0.9512794600287903,0.017645443719804147,0.9046189266709667,0.014550013539863137
4,60,30,1.2,0.8592744687659808,0.01537202496738581,0.9772880585939708,0.006495103316946917,0.9143539995444083,0.005852429099156458
4,60,30,1.5,0.8247914001604709,0.053484777025086055,0.9852369832393494,0.0033162036558867596,0.8970039023661761,0.03146540892207216
4,60,30,2.0,0.781732944494709,0.004705893377045453,0.9953642150287578,0.0025018874051919012,0.8756954492730623,0.0026167686191311203
4,60,40,0.8,0.8680639538119093,0.029058932374072536,0.9655995074625389,0.017473452137744767,0.9136745835394958,0.01015129935086334
4,60,40,1.0,0.8578300297806728,0.008330161664024035,0.9666320349324558,0.013097238991576598,0.9088944006007945,0.005253443977830509
4,60,40,1.2,0.8667219142158086,0.04226164600634929,0.958359402436549,0.018573650974704373,0.9092116029677552,0.014934092755336675
4,60,40,1.5,0.8321409987481521,0.055684569898084686,0.9814294796569379,0.010996151074755591,0.8993905396094415,0.03092896988389816
4,60,40,2.0,0.8340717049347849,0.03253413643275203,0.9863731330618434,0.008622927059978558,0.9033896494795894,0.017113432116237975
4,80,20,0.8,0.8719188324882143,0.027366947160198784,0.9553772734827115,0.016958559942121074,0.9112410679567086,0.010128459070197585
4,80,20,1.0,0.8729283900381789,0.030024755590542282,0.953585127318318,0.011350394880480301,0.9110042760885774,0.01162662142339533
4,80,20,1.2,0.8692148321018219,0.022308805577129415,0.9765702711520143,0.010476728720262675,0.9195034136172086,0.010018396987072551
4,80,20,1.5,0.8484139747289806,0.007220926465632819,0.9731327642359763,0.006673269997692194,0.9064529485826239,0.0019120863705630162
4,80,20,2.0,0.857921267753516,0.03543574517175695,0.9836848463499145,0.010403660395354173,0.9159148359615638,0.01590052570872758
4,80,25,0.8,0.9022701938249004,0.03450352192980609,0.941953887115282,0.010687683957301523,0.921168400450834,0.015099538042216915
4,80,25,1.0,0.8942224768430173,0.03578167768892339,0.9490446377101623,0.019541568506646543,0.9200183986557001,0.012489680059523554
4,80,25,1.2,0.8935195509146823,0.006806175282017293,0.9565760662999804,0.017938689022815507,0.9238170329728316,0.005302445816182776
4,80,25,1.5,0.7842073629569534,0.0029470860731418444,0.9916979674029872,0.0015079427319759815,0.8758268678308125,0.001688277232643319
4,80,25,2.0,0.8096627395018995,0.03299374129600045,0.992435941375108,0.005276547964411093,0.8913309980824652,0.018024248713584504
4,80,30,0.8,0.8559045402846918,0.020482407132936562,0.9666071878450122,0.013210024229302765,0.9075731656834494,0.005923366238735541
4,80,30,1.0,0.8592273575675021,0.006023214628433159,0.979172581754689,0.006356901333140369,0.9152466928447831,0.0012107936412378022
4,80,30,1.2,0.8272485870725163,0.03233127122200613,0.9647354616441532,0.014277176270570978,0.8905175885462215,0.02375563027928437
4,80,30,1.5,0.8325991221059986,0.03731114619441576,0.9833651096374628,0.00879896759777906,0.9010842059890739,0.019015641197640216
4,80,30,2.0,0.8484325439528583,0.030868641998571665,0.9821169117483665,0.011451069035031831,0.9099096437171047,0.014076231362076466
4,80,40,0.8,0.8588511127371795,0.02269112060028995,0.9353182418072684,0.018547440569591952,0.8950768531184702,0.01043939943087578
4,80,40,1.0,0.8535960495727597,0.018318575602944545,0.9584844792495341,0.005534498501201538,0.902871332992676,0.009525653285843
4,80,40,1.2,0.8369403660805825,0.05131302172876164,0.9690814080242972,0.0018962288841606002,0.8972783473402788,0.029388329127834945
4,80,40,1.5,0.8559589342662853,0.011354098292229444,0.9801622232730045,0.003989771613593497,0.913832426067208,0.007730172336173481
4,80,40,2.0,0.8540369263956565,0.04743143973770989,0.9813279271169675,0.012063456448116556,0.9123030796673989,0.02307440603253603
5,40,20,0.8,0.878982395272223,0.03735058675859353,0.9441000090730975,0.00961148890511958,0.9098059785731271,0.017126367050733046
5,40,20,1.0,0.8836706959022808,0.029673682841776614,0.9469154706576769,0.008703359036659027,0.9137882880668878,0.012392796214322667
5,40,20,1.2,0.879320359789369,0.012031277614425573,0.9772423480156095,0.004594642621189853,0.9256292320212435,0.005334236274378337
5,40,20,1.5,0.8628787068900472,0.03157242591005517,0.9713884830638636,0.012011430354013933,0.9133752043402765,0.012822615013168403
5,40,20,2.0,0.8195370837236262,0.012119500646067009,0.9904405588861146,0.0027840751896390393,0.8968766542825973,0.007761008897968984
5,40,25,0.8,0.8583467840455294,0.019022510015525868,0.9570696226406429,0.019103027452380288,0.9046320071137446,0.00371375354589729
5,40,25,1.0,0.8077019442306225,0.02913053985213967,0.9761676609032325,0.011782708634758778,0.8837186584297063,0.0191534004420748
5,40,25,1.2,0.8466815791293861,0.03601374003259519,0.9766700902324366,0.006213507224555234,0.9066205450138242,0.021122152634133945
5,40,25,1.5,0.8509438666350255,0.011213972488817609,0.9806284746889373,0.00525681143547773,0.9111296182676482,0.005413345934144761
5,40,25,2.0,0.8606112837098562,0.001545152733167191,0.9887476083399654,0.0019047037882469477,0.9202375854003724,0.0006057617353765402
5,40,30,0.8,0.8507884269509359,0.04762298113293159,0.9475973649418833,0.007562822095127215,0.8958299003073656,0.025401804788806513
5,40,30,1.0,0.8137829528883547,0.008730368841503862,0.9503265549676417,0.019782495578628084,0.8767366508293012,0.013069039634479016
5,40,30,1.2,0.8668329252020142,0.033071488564143596,0.9696117685522806,0.009790237291127568,0.9149866818603071,0.019220759276735097
5,40,30,1.5,0.8571217684850699,0.006179572772521517,0.9751297177330227,0.004058841900040497,0.9123166845406953,0.004651078386273391
5,40,30,2.0,0.8518385859313268,0.037703777967993964,0.9849193164822466,0.005579266426700162,0.9131070910211111,0.021518550671487037
5,40,40,0.8,0.8463407282360548,0.054002225916542065,0.9235696605854757,0.040652590935139864,0.8811119341781447,0.02340384654374371
5,40,40,1.0,0.8521936030720676,0.04327696452288709,0.9580738770025254,0.01642535266037954,0.9010303295596213,0.018649940965330427
5,40,40,1.2,0.8475295957345996,0.01727116086030198,0.9789435515013363,0.004030677374641494,0.9083975194695205,0.009348394944811225
5,40,40,1.5,0.8531907493892997,0.02293227661486739,0.9797573280073482,0.007645845979650626,0.9118336058572418,0.00964173463214139
5,40,40,2.0,0.8539828582714509,0.012355850923763519,0.9851169226982602,0.00997603107377343,0.9147599928948406,0.005466018730591439
5,50,20,0.8,0.8603213151736092,0.014924449472525707,0.9496542842823447,0.017756056782113363,0.9025235002868216,0.005522637231462759
5,50,20,1.0,0.8759710167379319,0.02100965146349742,0.9624545821887627,0.019735094342547145,0.9168803990381419,0.012288570296052724
5,50,20,1.2,0.879743871236046,0.03194411558979703,0.9732380882769981,0.015519217546891987,0.9236017364035586,0.014467798603061546
5,50,20,1.5,0.8819922735207598,0.020124789212654863,0.9819739423218466,0.010182656871666269,0.92923954697692,0.01489111927829282
5,50,20,2.0,0.8912385488443406,0.019008307729429182,0.9837927481402188,0.004378538196741718,0.9350769084602271,0.008591190446173529
5,50,25,0.8,0.8133883935593973,0.013415841813676572,0.9648728302733436,0.005823532254545392,0.8825757597628376,0.006183248091735638
5,50,25,1.0,0.8368032053736764,0.03290158896967411,0.9659678454140276,0.025785529046789938,0.895865289627037,0.01124072577614733
5,50,25,1.2,0.8433284524387042,0.02569090870483549,0.9820037827185318,0.0013654130786307963,0.9071817356276598,0.014846735672948398
5,50,25,1.5,0.8582465719446569,0.005346656845621021,0.9781544042872129,0.00752964011749935,0.9142672830847532,0.004834417913528397
5,50,25,2.0,0.8235895834862129,0.049875174151486436,0.974686207574995,0.012415691635042156,0.8916376876202395,0.025622929786884466
5,50,30,0.8,0.8471198328030236,0.02922241241520799,0.9353965298399965,0.019376164478316873,0.8884128533148331,0.00888233560754242
5,50,30,1.0,0.8611172365190108,0.03675307677024996,0.9468275630281561,0.01740880188779852,0.901095739849194,0.012832786036062587
5,50,30,1.2,0.8428421957501006,0.026071113025610264,0.9671066737421885,0.0074086520080560115,0.9004023615008062,0.01273705245567362
5,50,30,1.5,0.8334038354220487,0.006031941005553981,0.9830806764831476,0.008506521094732144,0.9020253057074581,0.0023305800580538136
5,50,30,2.0,0.8184931783920262,0.0476468971850562,0.9882652824195416,0.005648482771193918,0.8945496460771346,0.027615856409288334
5,50,40,0.8,0.8730676160263154,0.014363860050425628,0.9472314394383975,0.004590072299640556,0.9085414039051596,0.006193290469915458
5,50,40,1.0,0.8652999591682208,0.03229178394992181,0.9639847841164023,0.01797572145385762,0.911496028289624,0.017521787045824515
5,50,40,1.2,0.8499270441724313,0.04262748376662143,0.9806533304493291,0.0036700808758457462,0.9099970118834991,0.023370714582300167
5,50,40,1.5,0.8650846603170246,0.03221370941836061,0.9801116175662744,0.01902107611900078,0.9182820186816958,0.00932515070092601
5,50,40,2.0,0.8902702555883032,0.02568729391371723,0.9817556652619635,0.00503453044589996,0.933610839866013,0.015380406056592705
5,60,20,0.8,0.8864878060036538,0.027351685383781372,0.9394011717327171,0.01885406230109251,0.9115989255535752,0.006175268323291289
5,60,20,1.0,0.8471707856549205,0.016213628424487325,0.9601174371718678,0.017987546774217447,0.8999174534569206,0.010840663521904203
5,60,20,1.2,0.8430537471923968,0.027939724154330058,0.9798121089306621,0.0027611274754508605,0.9060086910254932,0.01516973901563153
5,60,20,1.5,0.8110481468685804,0.030218374757296905,0.9797834991219,0.007165999236554375,0.8870341800417713,0.014944198038242405
5,60,20,2.0,0.8391849105308834,0.04468110437448861,0.9900281713851936,0.003984688720254288,0.9076545937394846,0.024206473862475437
5,60,25,0.8,0.8630668049456158,0.012552303887333215,0.9395735116758708,0.01778743054645638,0.8996139087990098,0.012474891437548864
5,60,25,1.0,0.8787543535237606,0.019181039857410914,0.9521128483389649,0.01803555324446604,0.9135936802828087,0.0031655290737123303
5,60,25,1.2,0.8389669945649949,0.052126820255255876,0.9711930531290855,0.00949063073018926,0.8994123305281579,0.030199809438140816
5,60,25,1.5,0.7945677998011785,0.01291398220178587,0.9885752205288196,0.0018808639205950464,0.880972623180955,0.008669688344326847
5,60,25,2.0,0.8410319829760752,0.03189558131725282,0.9933881806150732,0.002887010346949008,0.9105340362030696,0.01842553640294231
5,60,30,0.8,0.8583315867906528,0.01124627610164835,0.958327950565561,0.015430965034277405,0.905437692151816,0.007058285955386725
5,60,30,1.0,0.8634829360967272,0.04113527194056197,0.9681732164067394,0.018586914101764912,0.9118344997393946,0.014212513905706454
5,60,30,1.2,0.8300033885432737,0.05500745045807764,0.972678617650398,0.012887162661586677,0.8943065991484954,0.027963534576791862
5,60,30,1.5,0.8392494504418314,0.022157728028013062,0.9849940643745209,0.008391795090828108,0.9060389760935329,0.009912848204525265
5,60,30,2.0,0.8525653612992494,0.03431640887500851,0.9848038676697328,0.011637973622309618,0.9134163818646504,0.01808564522702954
5,60,40,0.8,0.8797871173944798,0.033270089345172414,0.9523927003981525,0.01545117100230129,0.9139943729882268,0.011646688018982072
5,60,40,1.0,0.8889773614021831,0.020287261042904268,0.9390538765879373,0.023022618799481382,0.9129144251970261,0.009259430111047287
5,60,40,1.2,0.8432245412032652,0.01341962849301437,0.9714682781787709,0.011734666537399708,0.90266297536717,0.005465863142838923
5,60,40,1.5,0.8689681853833986,0.020205197259721374,0.9769745619159734,0.012333108333531793,0.9195210472022196,0.005923602338316376
5,60,40,2.0,0.8785928389623976,0.049418457916926284,0.9813516673697307,0.006272557160420344,0.9262415647416796,0.02592138102844175
5,80,20,0.8,0.9042659490529301,0.02801263852894685,0.9274937914279068,0.012940433360221703,0.9154894818328437,0.016514615324997303
5,80,20,1.0,0.9106040174309308,0.030892607225531384,0.9290233068026935,0.027892923453939216,0.9188491722082753,0.008268606723561871
5,80,20,1.2,0.7997079136809325,0.005939925086299947,0.9836464744936836,0.004847307425553607,0.8821655494817087,0.0030480234701785085
5,80,20,1.5,0.8150111254741673,0.02367821993136803,0.9884488659257866,0.007405424589069149,0.8931174323162839,0.01182677600004132
5,80,20,2.0,0.8224590651737113,0.02562501239517977,0.9930832338853457,0.0029270689054487083,0.8995187360495133,0.015094176358866654
5,80,25,0.8,0.8701447017452271,0.004443890509003776,0.9506456865156938,0.01263462817627189,0.9085454437848072,0.0040967807502922445
5,80,25,1.0,0.8427065156625607,0.03252151036541201,0.9565568982044551,0.011004732992642317,0.8956498538674156,0.01896648266242621
5,80,25,1.2,0.8270965707465151,0.030330597430816664,0.9795311105297001,0.0026411906182423448,0.8965662615161355,0.017693183781940177
5,80,25,1.5,0.8512455690501465,0.022235815969597082,0.9782254556333094,0.009406473220592402,0.9100561454398153,0.009267009298653244
5,80,25,2.0,0.8398445470156682,0.020632900664086472,0.9801650290207272,0.0026424453571758577,0.9044856855497071,0.013126943115195078
5,80,30,0.8,0.8651105600202936,0.026271383775034712,0.9509601226034827,0.003557896059744822,0.9057564268633893,0.013130998296971959
5,80,30,1.0,0.8469765348791611,0.05022982890844562,0.9531375684959326,0.0184567862583365,0.8955720580539085,0.02183720532254826
5,80,30,1.2,0.8536290618048668,0.01625520571195513,0.9750906923903969,0.0034563992895968107,0.9102163511849195,0.007992701785441208
5,80,30,1.5,0.8628403101531013,0.02776007744022906,0.9727251301817935,0.010620804973732611,0.9141093238325206,0.012098984054699996
5,80,30,2.0,0.8491717462732039,0.06326124642076918,0.9813181296713553,0.012821792243127142,0.9088146305600023,0.03169766438435725
5,80,40,0.8,0.8908581036761832,0.026290824986129994,0.9270212387008302,0.015014629319066207,0.9083335494869885,0.015597028800247395
5,80,40,1.0,0.9070787461171378,0.033433106040697554,0.9326064047252857,0.006748591806133223,0.9192365974664357,0.014614661285933759
5,80,40,1.2,0.8710351100486652,0.035582499353688034,0.9639748421780449,0.02342524812657658,0.9141970572020451,0.010198018201124747
5,80,40,1.5,0.8336853125989042,0.02233112755420956,0.983379115919596,0.0020227475499684914,0.9022089033979598,0.013113551465989215
5,80,40,2.0,0.822701532340736,0.031503003742569306,0.9897134155083207,0.004976202406673176,0.8980949349964478,0.017168617764041116
6,40,20,0.8,0.8258512903139997,0.03933372853568539,0.9478542828057375,0.008495327854526443,0.8820148918810062,0.01962451521267666
6,40,20,1.0,0.8513890586421109,0.03812669286142546,0.9708464759307448,0.003468095583868476,0.9068186100686435,0.02315223356530079
6,40,20,1.2,0.8522088682752503,0.019196153026430223,0.973074364511935,0.001081270534619997,0.9085161784701494,0.010637229701111263
6,40,20,1.5,0.868091804768144,0.008895174256453873,0.9808068797214246,0.005081680127922616,0.9209742808562215,0.004643248816697692
6,40,20,2.0,0.8377190270979408,0.03725700673417495,0.9872263448769442,0.0033717496536916124,0.9059124581983423,0.021670051199305384
6,40,25,0.8,0.8293707704752027,0.011483328682271194,0.9456702551743138,0.01210906617369667,0.8836088378729624,0.007023646380167603
6,40,25,1.0,0.864406740998355,0.029460491440159223,0.9721924031042101,0.009099381916195897,0.9148073912152196,0.01569947644701963
6,40,25,1.2,0.8544254977121609,0.013713530182435573,0.9627749979362661,0.0032700014233612057,0.9052918676713646,0.006679124452983826
6,40,25,1.5,0.8569077954841108,0.03026431375212789,0.9781242827768312,0.003822686163273212,0.9132762994494629,0.018365193712340203
6,40,25,2.0,0.8283960290161584,0.06473308832463553,0.9746417318041457,0.017945307263422007,0.8937095225527201,0.03495596046775265
6,40,30,0.8,0.8548987634435535,0.033684934331590886,0.9509977910023847,0.01090384126663012,0.8998452593146083,0.01538728173308408
6,40,30,1.0,0.8712980681048746,0.04803737161253203,0.959150778540021,0.013377166704754263,0.9120734828095873,0.02072584955367973
6,40,30,1.2,0.8667579191129318,0.026786453779457174,0.9694169583443221,0.01055489280457951,0.9148520052260286,0.011257149441874965
6,40,30,1.5,0.8657632084620185,0.007872745351998214,0.9800060723420766,0.007762505094582853,0.9193311218249014,0.006736366019733004
6,40,30,2.0,0.8261630836779115,0.016882332537946142,0.98389197608375,0.00773604337185244,0.8979764355791464,0.0068768392407563255
6,40,40,0.8,0.8873511316204157,0.031437238158031185,0.9423444668053577,0.019795234248890736,0.9133120915367462,0.00788167060531546
6,40,40,1.0,0.8924073173128516,0.03646125091132881,0.9611829741330706,0.026636526604935096,0.9245803731799124,0.014506582810870122
6,40,40,1.2,0.8847628778517146,0.025293428857001237,0.9658957928266113,0.020958396206765234,0.9231145810834572,0.012819725890209709
6,40,40,1.5,0.892556033592624,0.01155283705673487,0.9792966750903048,0.0066982699309017565,0.9338294398035484,0.0038591181684765026
6,40,40,2.0,0.7992189120218341,0.018765551661754403,0.9893588237545333,0.0073083739917474255,0.8840204751378394,0.01078321813677375
6,50,20,0.8,0.8520200753902539,0.037263721470038993,0.9579033529120963,0.011551756986253188,0.9011817302441688,0.016912920665888082
6,50,20,1.0,0.8566371958481213,0.02387250822542509,0.9653983104771043,0.005529540781593913,0.9075238672128748,0.011478876190608937
6,50,20,1.2,0.861701403296558,0.010460733861307678,0.9681754848862717,0.006014248521141229,0.9118327415427802,0.008528804429170814
6,50,20,1.5,0.8300185875080238,0.03055028561707919,0.9727862356100827,0.007190848427843312,0.8953490613211254,0.016065168885253563
6,50,20,2.0,0.8258663797605749,0.04226145947778173,0.9825229048204559,0.01347760302889218,0.8965316487246754,0.021069248637568542
6,50,25,0.8,0.8676589890480537,0.028052377085492686,0.9361337786109042,0.014548873345419246,0.900103279715878,0.009956242264195806
6,50,25,1.0,0.8514455347493796,0.029116065924386064,0.9520415952110722,0.01631760979257072,0.8983840493112067,0.010754764226620063
6,50,25,1.2,0.845431220999413,0.007200848189118458,0.9701630917040059,0.011840144974946364,0.9034625355358242,0.006531849324925962
6,50,25,1.5,0.8384176226870634,0.04497047764726198,0.9750104404634325,0.007985576607106257,0.9007059212250642,0.023321476221069
6,50,25,2.0,0.8362734732796683,0.017343786895138977,0.9889497264505381,0.0042716306557996344,0.9060856638224498,0.00842362696926472
6,50,30,0.8,0.8766646167211882,0.04411474026853266,0.9457724629694683,0.0073535459278668445,0.909225410241295,0.021483923202501108
6,50,30,1.0,0.8673812747020108,0.04753757516910159,0.9675235721323173,0.013561424189139745,0.9136519313633612,0.020339569055883917
6,50,30,1.2,0.8688897859490217,0.025018077288942033,0.975136075929815,0.0033610792157909284,0.9187506458142841,0.013768935322852532
6,50,30,1.5,0.8947029958130223,0.01609652701975173,0.9810655864504133,0.002449499345637395,0.9357978264652179,0.00777125499981727
6,50,30,2.0,0.8708107670610494,0.027425217592974404,0.9785169475361153,0.0057948065763757965,0.9212384907155601,0.01378275954190119
6,50,40,0.8,0.8604945674219467,0.01699636292811803,0.950027349440925,0.023920033707986493,0.9026653319106784,0.008621780395289947
6,50,40,1.0,0.8528013787151311,0.02397480593975651,0.9635061752439621,0.014422971750782356,0.9044357503615904,0.011205456891895713
6,50,40,1.2,0.8072631212848455,0.029214199839410315,0.9697028598875166,0.007877404803674519,0.8806670049694091,0.01535566083063055
6,50,40,1.5,0.8498039316370548,0.04064717052581066,0.9778737725994674,0.007707940056780098,0.9086941702625696,0.021000365083788892
6,50,40,2.0,0.8441119083398144,0.01933284003439216,0.977331369134964,0.010271307438210094,0.9056132732079517,0.00779996843471809
6,60,20,0.8,0.8802064993385477,0.004187930397922016,0.9481082650659065,0.007991300826484525,0.9128907081412843,0.005743820791660588
6,60,20,1.0,0.8482281142803156,0.03214822418164623,0.9536244861566151,0.025361237713933265,0.8974693417075826,0.023346060560534013
6,60,20,1.2,0.8118173014030106,0.012071726532128409,0.9723563480193255,0.005359886117041412,0.8848369855841476,0.0089825231375584
6,60,20,1.5,0.85517140554063,0.039919594055806966,0.9852305936672687,0.005102877872110114,0.9150449596195722,0.021538803636450905
6,60,20,2.0,0.8352855633268543,0.009840319793660082,0.9839731329269087,0.004508190278753177,0.9034954281823966,0.0041329061531235126
6,60,25,0.8,0.8730651517675944,0.0278660902368734,0.9425803039691147,0.008705551213545725,0.9061345112557868,0.011662835975974112
6,60,25,1.0,0.8427132045389413,0.058746177536236455,0.9604654272173939,0.019643842590974105,0.895902394048247,0.02601346956090941
6,60,25,1.2,0.8321356542809908,0.03155860554594094,0.9828100781072465,0.003928847307547115,0.9009165097562222,0.019452615148358016
6,60,25,1.5,0.8632337875437538,0.031033714096474412,0.9817811885938589,0.008414087649830086,0.9183101823101144,0.015803238841727546
6,60,25,2.0,0.8613880576268892,0.03374596213120899,0.9846369664509291,0.00544228147256343,0.9184451357681848,0.016927499119278835
6,60,30,0.8,0.8925062006281408,0.01706174954670809,0.9477794701735426,0.016048394578386044,0.9190537328000242,0.00599480324079027
6,60,30,1.0,0.84935508185316,0.013466899284735035,0.9615499728990798,0.01039547759879091,0.9018174893286449,0.002957158007575837
6,60,30,1.2,0.8679614601315562,0.009602135497357816,0.9718636687635521,0.00341159915426085,0.9169351639028815,0.004367785592868724
6,60,30,1.5,0.8929227439078323,0.029963631705330774,0.9712081669473503,0.0047043623315975005,0.9300824232277946,0.014541889695156605
6,60,30,2.0,0.8735565766590971,0.009856249790789475,0.9773757527283875,0.014906456191086798,0.9224565983188106,0.007672752116188392
6,60,40,0.8,0.9168111969699185,0.019511956057192064,0.9127261359284237,0.027106184151346645,0.914179814797773,0.004479472532579834
6,60,40,1.0,0.810006708875472,0.03226165699678251,0.9647618560465316,0.018840037020842942,0.8798830206603306,0.011528717199313067
6,60,40,1.2,0.8302655020194912,0.025339882254086087,0.978754743825863,0.004815482471335522,0.8981769077608638,0.014222979996202619
6,60,40,1.5,0.8343319857975828,0.026868817512098776,0.9877800212768696,0.0029028111195643965,0.9043177623147849,0.014578051579530817
6,60,40,2.0,0.8409145912190922,0.016095274486388714,0.9878224754380355,0.0029336269427002724,0.9083593480799427,0.008363334369003928
6,80,20,0.8,0.8449439297255243,0.04192467416041612,0.9412956065878925,0.006881982199909825,0.8898541276419278,0.02168120400674068
6,80,20,1.0,0.840298906041346,0.03364459092903692,0.9665737668637254,0.011045418300590547,0.8984337982762858,0.014653810015357396
6,80,20,1.2,0.8475064983606867,0.028661267713571012,0.9718795644613728,0.005933079621736028,0.9052411328703703,0.018291940015717628
6,80,20,1.5,0.8486595424942065,0.024330996894019505,0.9727050050322918,0.006342099880349334,0.9063167108639716,0.01587736336418741
6,80,20,2.0,0.8509368800851381,0.02273121447014945,0.9845437850976825,0.0023890119305517905,0.9127333822503628,0.013917163595132178
6,80,25,0.8,0.8533009894626558,0.03552147563433454,0.9569534011688949,0.009382567067422104,0.9016811279439212,0.019218986310732884
6,80,25,1.0,0.8768534500978861,0.006358262089198076,0.9408696603840707,0.011482436656588402,0.9076712969760553,0.0049799806196601645
6,80,25,1.2,0.8661908615878348,0.023920138752234338,0.9522919213270041,0.012507349596391496,0.9068816112539966,0.010236070807393336
6,80,25,1.5,0.859839945994104,0.04560712396906078,0.9715664085849598,0.015233055444078351,0.9112650870589597,0.019438064663823158
6,80,25,2.0,0.8650499021228842,0.03835515534433672,0.9775623048323566,0.015587825161274561,0.9170492046065762,0.014208184381171551
6,80,30,0.8,0.9137119154088512,0.0307159463112197,0.9150409946829473,0.024768328371052604,0.9136287251627344,0.010570002882415611
6,80,30,1.0,0.8832199096873308,0.0481374335062782,0.9402198317568938,0.035428436283326085,0.9089031646716026,0.008295096773110093
6,80,30,1.2,0.8434690920429052,0.019607142368064722,0.9750408793852312,0.0015547669784473997,0.9043683400933409,0.01097908434144816
6,80,30,1.5,0.835456258363716,0.03251518912118873,0.9859322888612526,0.007274536458060373,0.904065323461611,0.017921000832180685
6,80,30,2.0,0.7885088444263303,0.017093136025150366,0.9888057634189833,0.002273509950398563,0.8772894839414861,0.011401506160649789
6,80,40,0.8,0.8659872693771858,0.05026879661116322,0.9507786008891497,0.014619778294026798,0.9052520890242128,0.021722565070341374
6,80,40,1.0,0.8590282886212854,0.01687627868140641,0.9644648062436696,0.008181322697921623,0.9086109613784444,0.010882014117987992
6,80,40,1.2,0.860825003270905,0.009393637060382551,0.9787574428613328,0.008783981859228015,0.9159260797151706,0.002569311326234117
6,80,40,1.5,0.8423930491735204,0.04649570677671302,0.9787124648808391,0.004470855991402853,0.9047319555563265,0.02576611749034708
6,80,40,2.0,0.8117853191099215,0.0036195839105196484,0.9891545106889118,0.002664482183012634,0.8917275273393602,0.0020200209020239833
7,40,20,0.8,0.8764984132596121,0.02376480678756139,0.964332820396712,0.01095075373391969,0.9181440533669599,0.014485066533939477
7,40,20,1.0,0.8583885372628166,0.004298169217287343,0.9528737506715794,0.00623465151306494,0.9031525676368942,0.003825701716815107
7,40,20,1.2,0.863074682998044,0.040540770982864176,0.9638103673712832,0.0045689578022218395,0.910238670422796,0.023950578260032888
7,40,20,1.5,0.836516422085098,0.05338332910610825,0.9671298520310172,0.019769061734824227,0.8957600678461818,0.02805718211443055
7,40,20,2.0,0.8326209798478974,0.029616970945452695,0.9819498688770767,0.006592606928193157,0.9007654609206855,0.015197130598283958
7,40,25,0.8,0.8756590012122435,0.029102994401312525,0.9420888747361138,0.020961115707617817,0.9073607589596889,0.01997261450484195
7,40,25,1.0,0.8810556102114798,0.05015354461349306,0.9444572935138685,0.02546878500840691,0.9100611264775301,0.014517207831249358
7,40,25,1.2,0.8738872591871635,0.0035962024674235952,0.9669698960047929,0.007764224632575371,0.9180617362582488,0.004586396175909516
7,40,25,1.5,0.8369464464133826,0.022146965632488098,0.9764226963798283,0.010205804248458458,0.9010187899105349,0.008401617710576972
7,40,25,2.0,0.8502035571067409,0.016032913066153346,0.9840418520168902,0.004696969992272958,0.9121297343058591,0.008245151394414264
7,40,30,0.8,0.8950370858122886,0.03813791427951147,0.9453439938922101,0.013786523783605566,0.91874767400327,0.013966230250852387
7,40,30,1.0,0.89045871166616,0.013361226388877072,0.9567043559169296,0.016462119330985476,0.9222108349180272,0.007269912689316029
7,40,30,1.2,0.8961726106304978,0.020762435630461505,0.961375727418044,0.0031313536309326134,0.9274764718343004,0.010169408524341892
7,40,30,1.5,0.8076717764683384,0.004005953766277659,0.9877305613135059,0.004266772129501439,0.8886682631528835,0.0037110016419455998
7,40,30,2.0,0.8306868760574863,0.03334850644974066,0.9881929357974352,0.0011766950525440598,0.9022478091479916,0.01961807201784021
7,40,40,0.8,0.8629122130748216,0.014219854376426219,0.9587439691749561,0.010221120073384594,0.908187022167846,0.007163308948746098
7,40,40,1.0,0.8605317232039514,0.010069310201704297,0.9635338354790554,0.009102599340970753,0.9090863081515018,0.007694639761770009
7,40,40,1.2,0.8334496426879535,0.02331815520207728,0.9609734327063356,0.0059767146962933105,0.8924232821904186,0.011168678325792615
7,40,40,1.5,0.8326790159151227,0.030306366289851113,0.9711083668513075,0.01596667813442013,0.8959918345799873,0.012256870146280225
7,40,40,2.0,0.8477372827262423,0.03210185683230379,0.9746591727027134,0.015125311689542578,0.9061445576543868,0.011816104454786206
7,50,20,0.8,0.855125271440893,0.02701744912571976,0.9285795631997811,0.007189641290180065,0.8901981661298538,0.01771503100858342
7,50,20,1.0,0.8535398902110515,0.028508851251289477,0.9532162499429705,0.022231973245788756,0.9001209435244933,0.015020568675655214
7,50,20,1.2,0.8487676220047699,0.04427223768357434,0.9680792795191668,0.014469674444901515,0.9035206543698594,0.020471511899572265
7,50,20,1.5,0.8503195958772921,0.01621253554744027,0.978182719380284,0.005620285725688309,0.909649995488155,0.007454433839095945
7,50,20,2.0,0.8435410848463092,0.022487278056121402,0.9823186426540893,0.0007391414886579721,0.9074943955017929,0.013034015833282096
7,50,25,0.8,0.8758162634393166,0.0523846694176507,0.9431708698549762,0.022702981593313513,0.9066624288877062,0.01758486554431341
7,50,25,1.0,0.8745240051942713,0.031558564726838045,0.9663722558174158,0.010899180674328305,0.9177727753809544,0.01619903641245113
7,50,25,1.2,0.889680432552352,0.02977203780260959,0.9727362188201871,0.005952424459391877,0.9290553699174603,0.015755230175975122
7,50,25,1.5,0.8748457051851544,0.032699337457832885,0.9733289013340243,0.009523529994912521,0.9209669044830894,0.014442939900161095
7,50,25,2.0,0.8486713731400252,0.005895048231190555,0.984229192046678,0.00652641540919806,0.9114149880815074,0.0042578612080637806
7,50,30,0.8,0.8651322608473017,0.015485130080150155,0.9612681633450788,0.007295762999409524,0.9105248335483664,0.005424682204110163
7,50,30,1.0,0.8148659932551109,0.029862299912871638,0.9592002695612677,0.012705108045366186,0.8806421971889767,0.012506411565584626
7,50,30,1.2,0.8510045913022518,0.0402880028531856,0.9685217496808679,0.008367076393908579,0.9052773095365539,0.019953254768223093
7,50,30,1.5,0.8602397483196745,0.017201990493037153,0.9608726953300195,0.015988505770908792,0.9076249901579888,0.01217255540451424
7,50,30,2.0,0.8566094298223086,0.005905059407447108,0.9845929230507013,0.002409349876343678,0.916145312372449,0.004065122843045669
7,50,40,0.8,0.859294946654375,0.046206931911206256,0.9117074641988795,0.013297454808296692,0.8839059274704674,0.0219935710771219
7,50,40,1.0,0.8265576376383074,0.014365885236182891,0.9369149921538472,0.02265362909973835,0.8779061574435567,0.001949786985737609
7,50,40,1.2,0.8642094169218146,0.0338077404199285,0.9765279469557283,0.003911431135536267,0.9165715157690765,0.018534298371598076
7,50,40,1.5,0.8442685767122343,0.015512990055990963,0.9760431205536525,0.009790060699903229,0.9052436569532857,0.00766578264687267
7,50,40,2.0,0.8399353456751567,0.04022229242713517,0.9856722491897038,0.0016899005935420432,0.9065065203373752,0.023786735076163894
7,60,20,0.8,0.8439376955518209,0.05712927460021394,0.9418918122063119,0.028085692775181605,0.8882131220940853,0.02336066012511464
7,60,20,1.0,0.8433899731092173,0.032384665463022676,0.9735310132417249,0.003745109759591917,0.9035246695150504,0.020291000978723443
7,60,20,1.2,0.8626919189504777,0.04401891298747088,0.972297112884747,0.007092381983079637,0.9134532320910916,0.02155687383623432
7,60,20,1.5,0.8738998359782459,0.027404069426298045,0.9766485050559126,0.004642274496548781,0.9221307014369576,0.01332568698181636
7,60,20,2.0,0.8744633519621012,0.026737082903109943,0.9825759472648588,0.007124921279280654,0.9250433453884149,0.011754635761676619
7,60,25,0.8,0.8665395996090531,0.012988809729861637,0.9469885638088424,0.006676008520680333,0.9048894315597381,0.005906666330205159
7,60,25,1.0,0.8753852020747824,0.022151577784814434,0.9542167646188892,0.015366885415735502,0.9127206726483698,0.005769684958730125
7,60,25,1.2,0.8888828327684216,0.026410616427878172,0.9648452096884993,0.007918099980734332,0.9249801120248087,0.010892799462830444
7,60,25,1.5,0.8841300538340833,0.01934606917121271,0.965414086393119,0.01545466343550533,0.9228720222287752,0.01464411941029014
7,60,25,2.0,0.8890035114807501,0.018691438432444012,0.9735088778619793,0.0063939646079395635,0.929164970714598,0.00751162563008547
7,60,30,0.8,0.8141577475796038,0.023267489264682292,0.9465511947317733,0.011715716522905557,0.8750266508570218,0.008905371932717433
7,60,30,1.0,0.8430968382676657,0.04767806697893853,0.9528147947212121,0.022641427337029153,0.8932749385368496,0.019661957117798518
7,60,30,1.2,0.85171817226008,0.027638983341030803,0.9758673226254259,0.00871841014260819,0.909190111204306,0.011956515458717995
7,60,30,1.5,0.8517509679966162,0.01851090585719982,0.9810850703784578,0.000934925062991586,0.9117402553775117,0.01023304224455138
7,60,30,2.0,0.8138512342321708,0.030065605470100416,0.9796362309865717,0.0006547645078283882,0.8887681432658278,0.017945797583816217
7,60,40,0.8,0.848261828424787,0.04462101477730943,0.9463912361439405,0.02752343814024138,0.8931512779756549,0.013102769953946186
7,60,40,1.0,0.85738141949043,0.030498388515618678,0.9590926065041553,0.010208123945705595,0.9050709495310648,0.017242921928567873
7,60,40,1.2,0.8417781590670256,0.01817367265246005,0.9641409520144988,0.015800748901975956,0.8985080041818628,0.005452529856697274
7,60,40,1.5,0.8512800052729214,0.012087874844719172,0.9811746502803506,0.006666394941254752,0.9115544600726042,0.006744149177866013
7,60,40,2.0,0.8406206507258558,0.041793214815015065,0.9801349969404861,0.0038759233705201977,0.9045162556921089,0.025534277470211347
7,80,20,0.8,0.8813740523078911,0.010658792380088853,0.9411327801018792,0.013279380869311654,0.9101226378653373,0.0021535777628524863
7,80,20,1.0,0.8666811212774647,0.03323522455259963,0.9490317761120007,0.009439328222615732,0.9056881539691726,0.019837566100941832
7,80,20,1.2,0.860265877315018,0.03288109142630428,0.9654793951539711,0.01693036139671809,0.9091903357253882,0.0126950350749128
7,80,20,1.5,0.8759774651326238,0.02614021474310717,0.9686172925775877,0.01580120892148393,0.9195035313871672,0.008391536152278946
7,80,20,2.0,0.8906093101337241,0.029445096539097628,0.9739967658620338,0.0055784757586278275,0.9300878322890535,0.013653698665543662
7,80,25,0.8,0.889502252024414,0.03637587920557895,0.9204246415292855,0.025950023711120377,0.9036214697369448,0.006094910078290787
7,80,25,1.0,0.8597374032621435,0.004385566374198375,0.9512227570916107,0.020028865957410717,0.9030315137314701,0.007575052287362065
7,80,25,1.2,0.8485024474933728,0.028615929474555244,0.9724707926271338,0.010390722040623359,0.9058277571304113,0.012065086116949826
7,80,25,1.5,0.8001005223793497,0.015323398340250502,0.9815148630331657,0.002688245520072266,0.8815118561523819,0.010313208229928443
7,80,25,2.0,0.8355549109592332,0.028682328498340938,0.9853002665960706,0.0008212345834321433,0.9040031640507525,0.016757644462770137
7,80,30,0.8,0.8565232659462286,0.024125654687323275,0.9512245708052248,0.023368168516658527,0.9008448998582894,0.009260069939157246
7,80,30,1.0,0.8745352623536587,0.005746393667360086,0.9595561563566594,0.0002022007738323255,0.9150657645668915,0.0032219468014442723
7,80,30,1.2,0.8355278935929563,0.03842721485752527,0.9726272051025743,0.008099751557509001,0.8984372978862724,0.02304027201848332
7,80,30,1.5,0.8190690741481771,0.009585697349645922,0.9820260416381846,0.002870523153355736,0.89314897735558,0.00624956096730791
7,80,30,2.0,0.8620283201954367,0.025314543574458153,0.987762228046396,0.005003837608615122,0.9204642090574024,0.015984327634943406
7,80,40,0.8,0.8727357801544545,0.00532907605671692,0.9370598764500407,0.008008774795490777,0.9037355046551352,0.005229273716587092
7,80,40,1.0,0.8616882487008207,0.04169617657734843,0.9527725045918439,0.010280643418386621,0.9041800831049592,0.01825349523094319
7,80,40,1.2,0.8376955608939977,0.047717345402580914,0.9451222402389213,0.03543147035137286,0.886730110158223,0.025608057422072186
7,80,40,1.5,0.8363786964588006,0.03450609855759695,0.9793290338949595,0.009660707458052618,0.9017213143808737,0.018531152906867607
7,80,40,2.0,0.8555236885432628,0.027230747492353897,0.9781618519866071,0.014490937707945765,0.9123442742857781,0.013524652361499183
8,40,20,0.8,0.8814641949264779,0.03979660613125871,0.9347430115737009,0.019361645419936395,0.9064407321691316,0.015259355487568441
8,40,20,1.0,0.8895685763567246,0.02095887641053899,0.9457530363398793,0.018568691561479674,0.9163927618165616,0.0052505268835101255
8,40,20,1.2,0.8541177554479517,0.021493731502448855,0.9598023351809585,0.01879667535984778,0.9034379450335782,0.004214920164805064
8,40,20,1.5,0.8576928239318367,0.021749594077979415,0.9756028212310687,0.0032672186970768707,0.9126706662051385,0.011133153194031237
8,40,20,2.0,0.8705442672455623,0.0314637558156678,0.980435858681969,0.006966102695781398,0.9218631986857329,0.016641700969275353
8,40,25,0.8,0.8929824370135916,0.00920637238743813,0.9407142895111872,0.02175837324517922,0.9160669328397191,0.010887543562886171
8,40,25,1.0,0.9022797703850499,0.014484519178813755,0.949920532728596,0.006270783848902544,0.9253688611140486,0.004728425640587
8,40,25,1.2,0.7977402664760355,0.021378306095223888,0.9825035543689215,0.005338482708370688,0.8803724801759135,0.013364555877977054
8,40,25,1.5,0.8382097069779015,0.027783845606175653,0.9830280492365118,0.0033458037686456537,0.9045765217267457,0.015302325180235032
8,40,25,2.0,0.8486898037299101,0.01969322483960967,0.9845601734426226,0.0011721074913432503,0.9114791710260093,0.011938479823891951
8,40,30,0.8,0.8738077182591161,0.004833454056352096,0.9486457721056046,0.016465830666131016,0.909580402413288,0.005823633819419319
8,40,30,1.0,0.8352927935665679,0.041139073213203155,0.9518422442160085,0.008336406160457447,0.8891160228645093,0.022400885556950554
8,40,30,1.2,0.8346578224844228,0.024090449352594405,0.9578616291335441,0.020593133309376187,0.8915079552474835,0.008405328283279697
8,40,30,1.5,0.8577278151294743,0.02445015560549909,0.965401465721191,0.011054088509208408,0.9080731950599791,0.011275817360424607
8,40,30,2.0,0.8332669947863108,0.01505086140153098,0.9670241355965498,0.007777625853641579,0.895154406325752,0.012010030571551871
8,40,40,0.8,0.87047586568105,0.02158185929310047,0.9239174561969054,0.015410325482673928,0.8961744198733177,0.012851462304471739
8,40,40,1.0,0.8534180502335857,0.05108807507742458,0.9562081645589373,0.01732131220395666,0.9005206925715551,0.021270974793894896
8,40,40,1.2,0.8626439562169521,0.018241066556467796,0.9673747891444199,0.01315742030418409,0.9117378978364489,0.004567241045394158
8,40,40,1.5,0.8512602632853782,0.03209868685498885,0.9730927174858802,0.010086118512799702,0.9076359224464903,0.015896277258673115
8,40,40,2.0,0.8417481671184048,0.0378849684447915,0.9825834693917304,0.007084278774482531,0.9062521368642623,0.022048153975054132
8,50,20,0.8,0.8823855090209657,0.04304944935632143,0.9481174495273251,0.025727124837945207,0.9128285325072304,0.012665357611332652
8,50,20,1.0,0.8978047749928272,0.026329092732108404,0.9472994304938188,0.009213759971987272,0.921713772560838,0.01598541922009692
8,50,20,1.2,0.8704000010920717,0.03375643687827926,0.966755062056361,0.013451603269550529,0.9154262591746313,0.0125362574545025
8,50,20,1.5,0.8563933164173415,0.01599391073635812,0.9763536934258559,0.006190545497180117,0.9123800953563624,0.010405039595392655
8,50,20,2.0,0.8493961394032103,0.020211523724843174,0.9819912643929555,0.005627567733863563,0.9107277232195966,0.010794458035214885
8,50,25,0.8,0.8230909686299553,0.03889234243615338,0.957758500485805,0.015602314575858908,0.884465044693898,0.015609311428039688
8,50,25,1.0,0.8584206087632751,0.03051600334981651,0.9591879087810523,0.004029043222862255,0.9056599809795461,0.015153079417113947
8,50,25,1.2,0.8549148548270513,0.020959737976558826,0.9517970782338043,0.022104779697237443,0.9004770458593674,0.01469194665474548
8,50,25,1.5,0.8675973719920108,0.009186938749144944,0.9695175335556527,0.006553875692573201,0.9156645255824044,0.0027516658158366564
8,50,25,2.0,0.828576166659904,0.05139521449351011,0.9739462146156557,0.0019619748872387777,0.8945979957301889,0.03069077342424689
8,50,30,0.8,0.8258606732020392,0.0019605060306178324,0.9340169151553672,0.019595953920296286,0.8765037565900037,0.008020501735018627
8,50,30,1.0,0.8780372939772348,0.03288764300728855,0.9570830642490918,0.010401325213579619,0.9154028437670538,0.016068149711193563
8,50,30,1.2,0.8552960238443106,0.012440526443148197,0.9574374292030804,0.014029146447276005,0.9032974628754459,0.000764737867173666
8,50,30,1.5,0.851541209218507,0.05276522374210187,0.9788132153177828,0.006994154359588485,0.9096866803193606,0.026491145289552903
8,50,30,2.0,0.8143681924823324,0.050137539701323244,0.9815244374763822,0.009192308777988338,0.8891413681300424,0.028345409824990696
8,50,40,0.8,0.8552809702699268,0.034566541601458715,0.9514780403012516,0.006846247835337465,0.9003070775587142,0.016465941383408483
8,50,40,1.0,0.869666549013735,0.029955888563591403,0.9618136721452236,0.010415427689182712,0.9130545565980127,0.015492760634245832
8,50,40,1.2,0.868901611947058,0.044445630606082503,0.9659908586798802,0.017598622168416705,0.9138345811325456,0.01795484107931406
8,50,40,1.5,0.8808616723168576,0.017820352632314115,0.9750100034984568,0.008167898900847567,0.9253752002945165,0.00730609736077327
8,50,40,2.0,0.8506205547589442,0.007695171390303484,0.9778433397296403,0.007909501272537828,0.9097413709326289,0.0015794560676048422
8,60,20,0.8,0.8869445726709867,0.03416460392776414,0.9439006208432654,0.031695816650085314,0.9133524306963077,0.003964441921278525
8,60,20,1.0,0.8888990049202597,0.03698875578023909,0.9554057227407341,0.007945771882899055,0.9203738975449779,0.016581215173290684
8,60,20,1.2,0.8904200448927194,0.027012291023141583,0.9503683193904582,0.016978210644672424,0.9192394468989256,0.019278389014783476
8,60,20,1.5,0.904062664353512,0.019935410089714275,0.9600898282896025,0.01156248019000302,0.9309738973415431,0.006100353385733801
8,60,20,2.0,0.7940348572089743,0.00874705633883362,0.9857776920426916,0.003958349774606479,0.8795286882304247,0.003815084219778611
8,60,25,0.8,0.8546739080670894,0.034531156107228365,0.9316525805537728,0.0013817947491840195,0.8911281176744051,0.018629135018663506
8,60,25,1.0,0.8644655687236344,0.029843955973962027,0.9558577218090422,0.012722842287828204,0.9073649732311034,0.011691975043956145
8,60,25,1.2,0.8573858589827928,0.018164397465649625,0.9674125004712515,0.0034958885013027874,0.9089567616325193,0.009277582211414072
8,60,25,1.5,0.8188643921442006,0.035333019332326354,0.9789173012430347,0.004890384149847428,0.8913254546874487,0.020926605311271464
8,60,25,2.0,0.8158065194435563,0.02520382622588817,0.9849550791710477,0.003456121047696365,0.8921945722144001,0.014533677155536356
8,60,30,0.8,0.865304946308321,0.038966572975285385,0.9316490813622419,0.03632547731078505,0.8957530603982864,0.010287827464000183
8,60,30,1.0,0.8540216230406813,0.01530242889513772,0.9508428138505179,0.00656048552083867,0.8996967553734782,0.005662660325111556
8,60,30,1.2,0.8432349433117348,0.022253825760812185,0.9688618907297721,0.009925940872320644,0.9016051255927078,0.016281202720542114
8,60,30,1.5,0.8494154687118237,0.04159508785568512,0.9775994629079783,0.0008474091068271781,0.9084538807096497,0.024116730644922035
8,60,30,2.0,0.8615370930568694,0.010145112667555776,0.9810507752379724,0.0007044460811881528,0.9173901123669453,0.00604133570823488
8,60,40,0.8,0.881203520738327,0.04489125268927686,0.9311108068609916,0.02013474565447061,0.9042948410096837,0.014618317581503875
8,60,40,1.0,0.8634225783574179,0.050457120506807715,0.9566618714088668,0.015777851864337375,0.906447333984706,0.02259398522110361
8,60,40,1.2,0.8748505886871194,0.023849185046519717,0.9565324041893403,0.013093502307665768,0.9135317746930859,0.009571562291238827
8,60,40,1.5,0.900105605694046,0.03460493935632086,0.9589566373375552,0.013733720568535276,0.927971205339292,0.013241310154543577
8,60,40,2.0,0.8653606062692552,0.022916671345096618,0.9759136964283551,0.00679073265042293,0.9170726011667453,0.010273239536215457
8,80,20,0.8,0.8643917503799247,0.007752828443866637,0.9393057781635026,0.024964604031160537,0.9001488333918338,0.013515667503051738
8,80,20,1.0,0.8616612371844035,0.02883210950359727,0.9582199211744502,0.015888605144282333,0.9068180268728486,0.009318647288915042
8,80,20,1.2,0.811667665746227,0.024955682455004995,0.9678734739082108,0.005059949900899687,0.8826417574782109,0.012826657142221894
8,80,20,1.5,0.8421337733063915,0.02027005188177394,0.9783442522976648,0.004872119506875753,0.9050279999881424,0.012575466642678298
8,80,20,2.0,0.8348206889228039,0.017010810832237124,0.9818619203651385,0.004519317832199285,0.9022741749991066,0.009229306894661601
8,80,25,0.8,0.8784430818759582,0.008490727496923884,0.9471344026333094,0.009681301176828874,0.9114102500690406,0.001841642196110139
8,80,25,1.0,0.8525026552075007,0.04021865736056306,0.9545336335983134,0.014863920764635385,0.8997780546512703,0.015928362512060375
8,80,25,1.2,0.8089082891099496,0.009860621740476484,0.9723241025748711,0.010787430815245035,0.8830824907203944,0.008621334577195862
8,80,25,1.5,0.8687901170814022,0.031916842270948896,0.9821333670615534,0.004853295296581485,0.9216561817877804,0.017499785666723975
8,80,25,2.0,0.8569060376508003,0.0054926255810799135,0.9794635839905418,0.0010120016585515347,0.9140885486778559,0.0035609052718052667
8,80,30,0.8,0.8717775791344274,0.0332142365023232,0.9485457589705196,0.009399715406621005,0.9081483955388566,0.017113480992963944
8,80,30,1.0,0.8325491150667811,0.05945094582684085,0.9486214844632311,0.028415019409535735,0.8849632014097472,0.03054350697143247
8,80,30,1.2,0.8403249176555841,0.03290387322026193,0.9690418103447782,0.0060912721249079035,0.899693584291631,0.018012801268928198
8,80,30,1.5,0.8676146712089005,0.0403930276262999,0.9633178287689467,0.018302771376161677,0.9122328638537013,0.020654365648783316
8,80,30,2.0,0.863615634708523,0.0328586362594066,0.9754838883425024,0.009748503105808853,0.9156197993668508,0.014274822238135757
8,80,40,0.8,0.8934739509164147,0.017973981967923686,0.9360854486665163,0.01458478069363042,0.9140310009234712,0.006621342477154872
8,80,40,1.0,0.8587770193745117,0.010815871869363402,0.9482844867195056,0.012182097795637685,0.9011839543058643,0.0037629528714581686
8,80,40,1.2,0.8686732048147349,0.02164799698112415,0.9671344628323634,0.009640898598515328,0.9149860632822171,0.007984772902508023
8,80,40,1.5,0.8757679829224664,0.04331957274266889,0.975142313907198,0.01152180374745583,0.9219797230735428,0.02044694209434893
8,80,40,2.0,0.8627898944103397,0.025538438839210732,0.9825566855231567,0.0050910689646269545,0.9185659020005489,0.01439852907311968
